CustomerID,total_orders,total_quantity,total_spend,avg_order_value,avg_unit_price,avg_items_in_cart,products_bought,coupon_orders,delivered_orders,cancelled_orders,returned_orders,shipped_orders,first_order_date,last_order_date,customer_lifetime_days,orders_per_active_day,coupon_rate,delivery_rate,cancel_rate,return_rate,avg_quantity_per_order,cart_to_quantity_ratio,spend_per_product,cluster,persona
C10002,1,3,1470.03,1470.03,490.01,4.0,1,1,0,0,1,0,2023-10-16,2023-10-16,0,1.0,1.0,0.0,0.0,1.0,3.0,1.3333333328888888,1470.03,0,One-Time / Occasional Shoppers
C10054,1,2,153.48,153.48,76.74,7.0,1,1,0,0,1,0,2024-10-14,2024-10-14,0,1.0,1.0,0.0,0.0,1.0,2.0,3.49999999825,153.48,0,One-Time / Occasional Shoppers
C10126,1,2,1349.8,1349.8,674.9,4.0,1,1,0,0,0,1,2023-06-18,2023-06-18,0,1.0,1.0,0.0,0.0,0.0,2.0,1.999999999,1349.8,0,One-Time / Occasional Shoppers
C10154,1,4,1303.04,1303.04,325.76,8.0,1,1,0,0,0,1,2024-07-29,2024-07-29,0,1.0,1.0,0.0,0.0,0.0,4.0,1.9999999995,1303.04,0,One-Time / Occasional Shoppers
C10211,1,5,635.9000000000001,635.9000000000001,127.18,10.0,1,1,0,1,0,0,2024-05-09,2024-05-09,0,1.0,1.0,0.0,1.0,0.0,5.0,1.9999999996,635.9000000000001,0,One-Time / Occasional Shoppers
C10222,1,1,204.08,204.08,204.08,4.0,1,0,0,0,1,0,2023-09-27,2023-09-27,0,1.0,0.0,0.0,0.0,1.0,1.0,3.9999999959999997,204.08,0,One-Time / Occasional Shoppers
C10477,1,1,466.42,466.42,466.42,5.0,1,1,0,0,0,0,2023-05-03,2023-05-03,0,1.0,1.0,0.0,0.0,0.0,1.0,4.999999995,466.42,0,One-Time / Occasional Shoppers
C10642,1,2,922.74,922.74,461.37,5.0,1,1,1,0,0,0,2024-06-12,2024-06-12,0,1.0,1.0,1.0,0.0,0.0,2.0,2.49999999875,922.74,0,One-Time / Occasional Shoppers
C10787,1,4,1099.28,1099.28,274.82,9.0,1,1,1,0,0,0,2023-10-23,2023-10-23,0,1.0,1.0,1.0,0.0,0.0,4.0,2.2499999994375,1099.28,0,One-Time / Occasional Shoppers
C10791,1,1,355.09,355.09,355.09,5.0,1,1,0,1,0,0,2023-12-20,2023-12-20,0,1.0,1.0,0.0,1.0,0.0,1.0,4.999999995,355.09,0,One-Time / Occasional Shoppers
C10866,1,3,789.5699999999999,789.5699999999999,263.19,5.0,1,0,1,0,0,0,2023-12-26,2023-12-26,0,1.0,0.0,1.0,0.0,0.0,3.0,1.6666666661111111,789.5699999999999,0,One-Time / Occasional Shoppers
C10892,1,2,754.94,754.94,377.47,7.0,1,0,0,0,0,0,2024-07-20,2024-07-20,0,1.0,0.0,0.0,0.0,0.0,2.0,3.49999999825,754.94,0,One-Time / Occasional Shoppers
C11127,1,5,1306.65,1306.65,261.33,5.0,1,1,0,0,1,0,2024-08-28,2024-08-28,0,1.0,1.0,0.0,0.0,1.0,5.0,0.9999999998,1306.65,0,One-Time / Occasional Shoppers
C11210,1,5,454.6,454.6,90.92,9.0,1,1,1,0,0,0,2024-09-09,2024-09-09,0,1.0,1.0,1.0,0.0,0.0,5.0,1.79999999964,454.6,0,One-Time / Occasional Shoppers
C11415,1,5,2876.2,2876.2,575.24,7.0,1,1,1,0,0,0,2024-03-15,2024-03-15,0,1.0,1.0,1.0,0.0,0.0,5.0,1.3999999997199999,2876.2,0,One-Time / Occasional Shoppers
C11473,1,2,146.82,146.82,73.41,2.0,1,1,0,0,0,1,2023-12-28,2023-12-28,0,1.0,1.0,0.0,0.0,0.0,2.0,0.9999999995,146.82,0,One-Time / Occasional Shoppers
C11644,1,1,46.66,46.66,46.66,6.0,1,0,0,1,0,0,2023-07-21,2023-07-21,0,1.0,0.0,0.0,1.0,0.0,1.0,5.9999999939999995,46.66,0,One-Time / Occasional Shoppers
C11657,1,4,264.4,264.4,66.1,9.0,1,1,0,0,1,0,2023-12-10,2023-12-10,0,1.0,1.0,0.0,0.0,1.0,4.0,2.2499999994375,264.4,0,One-Time / Occasional Shoppers
C11665,1,3,337.38,337.38,112.46,6.0,1,1,0,0,0,1,2023-04-28,2023-04-28,0,1.0,1.0,0.0,0.0,0.0,3.0,1.9999999993333333,337.38,0,One-Time / Occasional Shoppers
C11676,1,2,929.0,929.0,464.5,2.0,1,1,0,1,0,0,2025-06-11,2025-06-11,0,1.0,1.0,0.0,1.0,0.0,2.0,0.9999999995,929.0,0,One-Time / Occasional Shoppers
C11829,1,2,279.14,279.14,139.57,4.0,1,1,1,0,0,0,2025-05-04,2025-05-04,0,1.0,1.0,1.0,0.0,0.0,2.0,1.999999999,279.14,0,One-Time / Occasional Shoppers
C11849,1,2,476.5,476.5,238.25,7.0,1,1,0,1,0,0,2024-10-27,2024-10-27,0,1.0,1.0,0.0,1.0,0.0,2.0,3.49999999825,476.5,0,One-Time / Occasional Shoppers
C11893,1,5,1582.0,1582.0,316.4,7.0,1,0,0,0,1,0,2024-09-20,2024-09-20,0,1.0,0.0,0.0,0.0,1.0,5.0,1.3999999997199999,1582.0,0,One-Time / Occasional Shoppers
C11906,1,3,1237.59,1237.59,412.53,6.0,1,1,0,0,0,0,2025-01-01,2025-01-01,0,1.0,1.0,0.0,0.0,0.0,3.0,1.9999999993333333,1237.59,0,One-Time / Occasional Shoppers
C11921,1,1,452.7,452.7,452.7,5.0,1,1,0,0,0,1,2024-11-29,2024-11-29,0,1.0,1.0,0.0,0.0,0.0,1.0,4.999999995,452.7,0,One-Time / Occasional Shoppers
C11940,1,3,448.02,448.02,149.34,7.0,1,1,0,1,0,0,2023-09-05,2023-09-05,0,1.0,1.0,0.0,1.0,0.0,3.0,2.3333333325555556,448.02,0,One-Time / Occasional Shoppers
C11985,1,1,30.44,30.44,30.44,1.0,1,1,0,0,0,1,2023-10-07,2023-10-07,0,1.0,1.0,0.0,0.0,0.0,1.0,0.9999999989999999,30.44,0,One-Time / Occasional Shoppers
C11998,1,3,1495.98,1495.98,498.66,6.0,1,0,0,1,0,0,2025-02-16,2025-02-16,0,1.0,0.0,0.0,1.0,0.0,3.0,1.9999999993333333,1495.98,0,One-Time / Occasional Shoppers
C12039,1,1,132.68,132.68,132.68,1.0,1,1,0,0,1,0,2023-12-12,2023-12-12,0,1.0,1.0,0.0,0.0,1.0,1.0,0.9999999989999999,132.68,0,One-Time / Occasional Shoppers
C12245,1,2,815.58,815.58,407.79,3.0,1,0,0,0,0,1,2023-05-17,2023-05-17,0,1.0,0.0,0.0,0.0,0.0,2.0,1.49999999925,815.58,0,One-Time / Occasional Shoppers
C12301,1,1,531.74,531.74,531.74,1.0,1,1,0,0,0,1,2023-09-11,2023-09-11,0,1.0,1.0,0.0,0.0,0.0,1.0,0.9999999989999999,531.74,0,One-Time / Occasional Shoppers
C12388,1,5,2683.6,2683.6,536.72,10.0,1,0,1,0,0,0,2023-05-01,2023-05-01,0,1.0,0.0,1.0,0.0,0.0,5.0,1.9999999996,2683.6,0,One-Time / Occasional Shoppers
C12408,1,2,161.54,161.54,80.77,4.0,1,0,0,0,0,1,2023-08-26,2023-08-26,0,1.0,0.0,0.0,0.0,0.0,2.0,1.999999999,161.54,0,One-Time / Occasional Shoppers
C12421,1,1,93.02,93.02,93.02,4.0,1,0,0,0,1,0,2023-04-28,2023-04-28,0,1.0,0.0,0.0,0.0,1.0,1.0,3.9999999959999997,93.02,0,One-Time / Occasional Shoppers
C12444,1,3,230.88,230.88,76.96,8.0,1,1,0,0,1,0,2024-09-17,2024-09-17,0,1.0,1.0,0.0,0.0,1.0,3.0,2.6666666657777776,230.88,0,One-Time / Occasional Shoppers
C12459,1,2,284.16,284.16,142.08,4.0,1,1,1,0,0,0,2024-09-06,2024-09-06,0,1.0,1.0,1.0,0.0,0.0,2.0,1.999999999,284.16,0,One-Time / Occasional Shoppers
C12472,1,3,252.93,252.93,84.31,3.0,1,1,0,0,0,1,2024-02-25,2024-02-25,0,1.0,1.0,0.0,0.0,0.0,3.0,0.9999999996666666,252.93,0,One-Time / Occasional Shoppers
C12479,1,5,124.1,124.1,24.82,10.0,1,0,0,0,0,1,2023-10-02,2023-10-02,0,1.0,0.0,0.0,0.0,0.0,5.0,1.9999999996,124.1,0,One-Time / Occasional Shoppers
C12487,1,3,1427.07,1427.07,475.69,3.0,1,1,0,1,0,0,2024-01-08,2024-01-08,0,1.0,1.0,0.0,1.0,0.0,3.0,0.9999999996666666,1427.07,0,One-Time / Occasional Shoppers
C12607,1,1,281.52,281.52,281.52,6.0,1,1,0,0,0,1,2023-04-05,2023-04-05,0,1.0,1.0,0.0,0.0,0.0,1.0,5.9999999939999995,281.52,0,One-Time / Occasional Shoppers
C12609,1,4,547.32,547.32,136.83,8.0,1,1,0,0,0,0,2023-11-26,2023-11-26,0,1.0,1.0,0.0,0.0,0.0,4.0,1.9999999995,547.32,0,One-Time / Occasional Shoppers
C12667,1,1,223.3,223.3,223.3,1.0,1,0,0,0,1,0,2025-04-20,2025-04-20,0,1.0,0.0,0.0,0.0,1.0,1.0,0.9999999989999999,223.3,0,One-Time / Occasional Shoppers
C12740,1,5,644.75,644.75,128.95,10.0,1,1,0,0,0,0,2023-09-21,2023-09-21,0,1.0,1.0,0.0,0.0,0.0,5.0,1.9999999996,644.75,0,One-Time / Occasional Shoppers
C12813,1,5,1462.7,1462.7,292.54,8.0,1,1,0,1,0,0,2025-03-15,2025-03-15,0,1.0,1.0,0.0,1.0,0.0,5.0,1.59999999968,1462.7,0,One-Time / Occasional Shoppers
C12818,1,3,191.04,191.04,63.68,6.0,1,0,0,0,1,0,2023-12-13,2023-12-13,0,1.0,0.0,0.0,0.0,1.0,3.0,1.9999999993333333,191.04,0,One-Time / Occasional Shoppers
C13100,1,4,1177.64,1177.64,294.41,4.0,1,0,0,0,0,0,2023-12-18,2023-12-18,0,1.0,0.0,0.0,0.0,0.0,4.0,0.99999999975,1177.64,0,One-Time / Occasional Shoppers
C13108,1,5,3293.85,3293.85,658.77,10.0,1,1,0,0,0,0,2024-04-25,2024-04-25,0,1.0,1.0,0.0,0.0,0.0,5.0,1.9999999996,3293.85,0,One-Time / Occasional Shoppers
C13169,1,1,536.07,536.07,536.07,5.0,1,1,1,0,0,0,2023-11-15,2023-11-15,0,1.0,1.0,1.0,0.0,0.0,1.0,4.999999995,536.07,0,One-Time / Occasional Shoppers
C13186,1,2,889.68,889.68,444.84,7.0,1,0,0,0,0,1,2023-08-29,2023-08-29,0,1.0,0.0,0.0,0.0,0.0,2.0,3.49999999825,889.68,0,One-Time / Occasional Shoppers
C13205,1,5,2107.1,2107.1,421.42,7.0,1,0,0,1,0,0,2023-01-25,2023-01-25,0,1.0,0.0,0.0,1.0,0.0,5.0,1.3999999997199999,2107.1,0,One-Time / Occasional Shoppers
C13296,1,2,108.82,108.82,54.41,6.0,1,0,0,0,0,1,2023-06-03,2023-06-03,0,1.0,0.0,0.0,0.0,0.0,2.0,2.9999999985,108.82,0,One-Time / Occasional Shoppers
C13324,1,2,1199.48,1199.48,599.74,2.0,1,0,0,0,0,1,2025-03-15,2025-03-15,0,1.0,0.0,0.0,0.0,0.0,2.0,0.9999999995,1199.48,0,One-Time / Occasional Shoppers
C13366,1,4,2714.2,2714.2,678.55,5.0,1,0,1,0,0,0,2023-07-06,2023-07-06,0,1.0,0.0,1.0,0.0,0.0,4.0,1.2499999996875,2714.2,0,One-Time / Occasional Shoppers
C13501,1,5,427.6,427.6,85.52,5.0,1,0,0,1,0,0,2023-08-23,2023-08-23,0,1.0,0.0,0.0,1.0,0.0,5.0,0.9999999998,427.6,0,One-Time / Occasional Shoppers
C13525,1,3,212.79,212.79,70.93,5.0,1,0,0,0,1,0,2024-06-13,2024-06-13,0,1.0,0.0,0.0,0.0,1.0,3.0,1.6666666661111111,212.79,0,One-Time / Occasional Shoppers
C13540,1,4,1239.64,1239.64,309.91,5.0,1,1,0,0,0,1,2023-06-04,2023-06-04,0,1.0,1.0,0.0,0.0,0.0,4.0,1.2499999996875,1239.64,0,One-Time / Occasional Shoppers
C13877,1,5,3384.9,3384.9,676.98,5.0,1,0,0,1,0,0,2023-11-26,2023-11-26,0,1.0,0.0,0.0,1.0,0.0,5.0,0.9999999998,3384.9,0,One-Time / Occasional Shoppers
C13923,1,1,118.8,118.8,118.8,6.0,1,1,1,0,0,0,2023-10-08,2023-10-08,0,1.0,1.0,1.0,0.0,0.0,1.0,5.9999999939999995,118.8,0,One-Time / Occasional Shoppers
C14005,1,2,80.46,80.46,40.23,4.0,1,1,0,1,0,0,2024-01-01,2024-01-01,0,1.0,1.0,0.0,1.0,0.0,2.0,1.999999999,80.46,0,One-Time / Occasional Shoppers
C14017,1,2,1248.32,1248.32,624.16,2.0,1,1,0,0,0,1,2023-05-09,2023-05-09,0,1.0,1.0,0.0,0.0,0.0,2.0,0.9999999995,1248.32,0,One-Time / Occasional Shoppers
C14080,1,1,283.69,283.69,283.69,6.0,1,0,0,0,0,1,2024-06-27,2024-06-27,0,1.0,0.0,0.0,0.0,0.0,1.0,5.9999999939999995,283.69,0,One-Time / Occasional Shoppers
C14114,1,3,1704.06,1704.06,568.02,3.0,1,1,0,0,0,0,2024-09-27,2024-09-27,0,1.0,1.0,0.0,0.0,0.0,3.0,0.9999999996666666,1704.06,0,One-Time / Occasional Shoppers
C14240,1,1,491.11,491.11,491.11,4.0,1,1,1,0,0,0,2023-05-03,2023-05-03,0,1.0,1.0,1.0,0.0,0.0,1.0,3.9999999959999997,491.11,0,One-Time / Occasional Shoppers
C14427,1,2,533.9,533.9,266.95,3.0,1,0,0,0,0,0,2024-07-23,2024-07-23,0,1.0,0.0,0.0,0.0,0.0,2.0,1.49999999925,533.9,0,One-Time / Occasional Shoppers
C14455,1,3,164.85,164.85,54.95,8.0,1,1,0,0,1,0,2023-12-09,2023-12-09,0,1.0,1.0,0.0,0.0,1.0,3.0,2.6666666657777776,164.85,0,One-Time / Occasional Shoppers
C14457,1,5,395.4,395.4,79.08,8.0,1,0,0,0,0,0,2024-05-29,2024-05-29,0,1.0,0.0,0.0,0.0,0.0,5.0,1.59999999968,395.4,0,One-Time / Occasional Shoppers
C14552,1,5,1120.0,1120.0,224.0,9.0,1,1,0,0,1,0,2023-01-23,2023-01-23,0,1.0,1.0,0.0,0.0,1.0,5.0,1.79999999964,1120.0,0,One-Time / Occasional Shoppers
C14553,1,3,440.1899999999999,440.1899999999999,146.73,8.0,1,1,1,0,0,0,2024-09-09,2024-09-09,0,1.0,1.0,1.0,0.0,0.0,3.0,2.6666666657777776,440.1899999999999,0,One-Time / Occasional Shoppers
C14568,1,4,885.32,885.32,221.33,5.0,1,0,0,0,0,0,2023-02-11,2023-02-11,0,1.0,0.0,0.0,0.0,0.0,4.0,1.2499999996875,885.32,0,One-Time / Occasional Shoppers
C14576,1,4,2156.8,2156.8,539.2,8.0,1,1,0,0,0,0,2024-04-18,2024-04-18,0,1.0,1.0,0.0,0.0,0.0,4.0,1.9999999995,2156.8,0,One-Time / Occasional Shoppers
C14600,1,2,441.8,441.8,220.9,4.0,1,0,0,0,0,1,2023-07-20,2023-07-20,0,1.0,0.0,0.0,0.0,0.0,2.0,1.999999999,441.8,0,One-Time / Occasional Shoppers
C14683,1,2,1069.34,1069.34,534.67,7.0,1,1,0,0,0,1,2025-06-11,2025-06-11,0,1.0,1.0,0.0,0.0,0.0,2.0,3.49999999825,1069.34,0,One-Time / Occasional Shoppers
C14737,1,4,581.64,581.64,145.41,7.0,1,1,0,0,1,0,2023-01-14,2023-01-14,0,1.0,1.0,0.0,0.0,1.0,4.0,1.7499999995625,581.64,0,One-Time / Occasional Shoppers
C14837,1,1,183.18,183.18,183.18,6.0,1,1,0,1,0,0,2023-04-01,2023-04-01,0,1.0,1.0,0.0,1.0,0.0,1.0,5.9999999939999995,183.18,0,One-Time / Occasional Shoppers
C14847,2,5,1097.81,548.905,256.78,4.0,2,1,0,0,0,1,2023-01-01,2024-12-19,718,0.0027816411682892906,0.5,0.0,0.0,0.0,2.5,1.59999999936,548.905,1,Repeat / Higher-Value Shoppers
C14891,1,4,1654.96,1654.96,413.74,7.0,1,1,0,0,1,0,2024-03-23,2024-03-23,0,1.0,1.0,0.0,0.0,1.0,4.0,1.7499999995625,1654.96,0,One-Time / Occasional Shoppers
C14983,1,1,17.24,17.24,17.24,2.0,1,1,0,0,0,0,2023-07-12,2023-07-12,0,1.0,1.0,0.0,0.0,0.0,1.0,1.9999999979999998,17.24,0,One-Time / Occasional Shoppers
C15017,1,1,675.57,675.57,675.57,1.0,1,1,0,0,0,1,2025-05-02,2025-05-02,0,1.0,1.0,0.0,0.0,0.0,1.0,0.9999999989999999,675.57,0,One-Time / Occasional Shoppers
C15063,1,5,426.1,426.1,85.22,7.0,1,1,0,1,0,0,2024-04-29,2024-04-29,0,1.0,1.0,0.0,1.0,0.0,5.0,1.3999999997199999,426.1,0,One-Time / Occasional Shoppers
C15146,1,5,190.55,190.55,38.11,6.0,1,1,0,1,0,0,2023-08-17,2023-08-17,0,1.0,1.0,0.0,1.0,0.0,5.0,1.19999999976,190.55,0,One-Time / Occasional Shoppers
C15228,1,3,1422.42,1422.42,474.14,8.0,1,1,0,0,0,1,2024-02-19,2024-02-19,0,1.0,1.0,0.0,0.0,0.0,3.0,2.6666666657777776,1422.42,0,One-Time / Occasional Shoppers
C15257,1,4,580.2,580.2,145.05,6.0,1,1,1,0,0,0,2025-03-21,2025-03-21,0,1.0,1.0,1.0,0.0,0.0,4.0,1.499999999625,580.2,0,One-Time / Occasional Shoppers
C15283,1,1,381.02,381.02,381.02,6.0,1,0,0,0,0,1,2023-11-25,2023-11-25,0,1.0,0.0,0.0,0.0,0.0,1.0,5.9999999939999995,381.02,0,One-Time / Occasional Shoppers
C15624,1,5,3097.6,3097.6,619.52,9.0,1,0,0,0,0,0,2025-01-21,2025-01-21,0,1.0,0.0,0.0,0.0,0.0,5.0,1.79999999964,3097.6,0,One-Time / Occasional Shoppers
C15629,1,3,912.4499999999999,912.4499999999999,304.15,3.0,1,1,0,0,0,1,2023-04-16,2023-04-16,0,1.0,1.0,0.0,0.0,0.0,3.0,0.9999999996666666,912.4499999999999,0,One-Time / Occasional Shoppers
C15681,1,4,2161.64,2161.64,540.41,6.0,1,0,0,1,0,0,2023-08-22,2023-08-22,0,1.0,0.0,0.0,1.0,0.0,4.0,1.499999999625,2161.64,0,One-Time / Occasional Shoppers
C15849,1,1,525.43,525.43,525.43,2.0,1,1,0,1,0,0,2024-12-23,2024-12-23,0,1.0,1.0,0.0,1.0,0.0,1.0,1.9999999979999998,525.43,0,One-Time / Occasional Shoppers
C15924,1,1,245.89,245.89,245.89,3.0,1,1,1,0,0,0,2024-12-19,2024-12-19,0,1.0,1.0,1.0,0.0,0.0,1.0,2.9999999969999998,245.89,0,One-Time / Occasional Shoppers
C16012,1,1,630.82,630.82,630.82,5.0,1,1,1,0,0,0,2025-03-28,2025-03-28,0,1.0,1.0,1.0,0.0,0.0,1.0,4.999999995,630.82,0,One-Time / Occasional Shoppers
C16253,1,2,399.4,399.4,199.7,4.0,1,0,0,0,0,0,2025-06-23,2025-06-23,0,1.0,0.0,0.0,0.0,0.0,2.0,1.999999999,399.4,0,One-Time / Occasional Shoppers
C16400,1,3,628.4399999999999,628.4399999999999,209.48,4.0,1,0,0,0,0,0,2024-10-08,2024-10-08,0,1.0,0.0,0.0,0.0,0.0,3.0,1.3333333328888888,628.4399999999999,0,One-Time / Occasional Shoppers
C16429,1,1,679.65,679.65,679.65,6.0,1,1,0,0,0,1,2024-03-26,2024-03-26,0,1.0,1.0,0.0,0.0,0.0,1.0,5.9999999939999995,679.65,0,One-Time / Occasional Shoppers
C16612,1,1,600.54,600.54,600.54,4.0,1,1,0,0,0,0,2025-03-19,2025-03-19,0,1.0,1.0,0.0,0.0,0.0,1.0,3.9999999959999997,600.54,0,One-Time / Occasional Shoppers
C16675,1,4,857.4,857.4,214.35,7.0,1,1,0,1,0,0,2025-06-09,2025-06-09,0,1.0,1.0,0.0,1.0,0.0,4.0,1.7499999995625,857.4,0,One-Time / Occasional Shoppers
C16693,1,4,949.72,949.72,237.43,8.0,1,1,0,1,0,0,2025-02-05,2025-02-05,0,1.0,1.0,0.0,1.0,0.0,4.0,1.9999999995,949.72,0,One-Time / Occasional Shoppers
C16702,1,3,1390.17,1390.17,463.39,3.0,1,0,0,0,1,0,2023-08-27,2023-08-27,0,1.0,0.0,0.0,0.0,1.0,3.0,0.9999999996666666,1390.17,0,One-Time / Occasional Shoppers
C16758,1,3,188.31,188.31,62.77,6.0,1,1,0,0,0,1,2024-11-01,2024-11-01,0,1.0,1.0,0.0,0.0,0.0,3.0,1.9999999993333333,188.31,0,One-Time / Occasional Shoppers
C16775,1,5,3353.75,3353.75,670.75,8.0,1,1,0,0,0,1,2023-03-27,2023-03-27,0,1.0,1.0,0.0,0.0,0.0,5.0,1.59999999968,3353.75,0,One-Time / Occasional Shoppers
C16776,1,2,320.0,320.0,160.0,4.0,1,1,0,0,0,0,2023-09-04,2023-09-04,0,1.0,1.0,0.0,0.0,0.0,2.0,1.999999999,320.0,0,One-Time / Occasional Shoppers
C16790,1,4,258.96,258.96,64.74,8.0,1,1,0,1,0,0,2023-04-08,2023-04-08,0,1.0,1.0,0.0,1.0,0.0,4.0,1.9999999995,258.96,0,One-Time / Occasional Shoppers
C17075,1,4,1259.04,1259.04,314.76,8.0,1,0,0,0,0,1,2024-07-25,2024-07-25,0,1.0,0.0,0.0,0.0,0.0,4.0,1.9999999995,1259.04,0,One-Time / Occasional Shoppers
C17103,1,3,1278.36,1278.36,426.12,5.0,1,1,1,0,0,0,2024-01-05,2024-01-05,0,1.0,1.0,1.0,0.0,0.0,3.0,1.6666666661111111,1278.36,0,One-Time / Occasional Shoppers
C17132,1,1,386.03,386.03,386.03,4.0,1,1,0,0,0,0,2024-12-07,2024-12-07,0,1.0,1.0,0.0,0.0,0.0,1.0,3.9999999959999997,386.03,0,One-Time / Occasional Shoppers
C17136,1,4,641.96,641.96,160.49,8.0,1,1,0,0,0,1,2023-07-26,2023-07-26,0,1.0,1.0,0.0,0.0,0.0,4.0,1.9999999995,641.96,0,One-Time / Occasional Shoppers
C17181,1,5,2276.65,2276.65,455.33,8.0,1,1,0,1,0,0,2025-02-25,2025-02-25,0,1.0,1.0,0.0,1.0,0.0,5.0,1.59999999968,2276.65,0,One-Time / Occasional Shoppers
C17269,1,4,1733.8,1733.8,433.45,4.0,1,0,0,1,0,0,2023-05-03,2023-05-03,0,1.0,0.0,0.0,1.0,0.0,4.0,0.99999999975,1733.8,0,One-Time / Occasional Shoppers
C17302,1,1,359.99,359.99,359.99,5.0,1,1,0,1,0,0,2023-07-25,2023-07-25,0,1.0,1.0,0.0,1.0,0.0,1.0,4.999999995,359.99,0,One-Time / Occasional Shoppers
C17388,1,1,317.25,317.25,317.25,1.0,1,1,0,0,1,0,2024-02-10,2024-02-10,0,1.0,1.0,0.0,0.0,1.0,1.0,0.9999999989999999,317.25,0,One-Time / Occasional Shoppers
C17389,1,1,522.08,522.08,522.08,5.0,1,1,0,0,1,0,2024-11-10,2024-11-10,0,1.0,1.0,0.0,0.0,1.0,1.0,4.999999995,522.08,0,One-Time / Occasional Shoppers
C17470,1,2,461.9,461.9,230.95,3.0,1,1,1,0,0,0,2024-10-30,2024-10-30,0,1.0,1.0,1.0,0.0,0.0,2.0,1.49999999925,461.9,0,One-Time / Occasional Shoppers
C17551,1,1,518.39,518.39,518.39,4.0,1,1,0,0,0,0,2025-04-13,2025-04-13,0,1.0,1.0,0.0,0.0,0.0,1.0,3.9999999959999997,518.39,0,One-Time / Occasional Shoppers
C17591,1,1,479.76,479.76,479.76,1.0,1,0,0,0,0,0,2023-09-29,2023-09-29,0,1.0,0.0,0.0,0.0,0.0,1.0,0.9999999989999999,479.76,0,One-Time / Occasional Shoppers
C17921,1,4,1210.6,1210.6,302.65,8.0,1,1,0,1,0,0,2023-02-20,2023-02-20,0,1.0,1.0,0.0,1.0,0.0,4.0,1.9999999995,1210.6,0,One-Time / Occasional Shoppers
C17966,1,2,185.74,185.74,92.87,5.0,1,1,0,0,0,0,2023-10-17,2023-10-17,0,1.0,1.0,0.0,0.0,0.0,2.0,2.49999999875,185.74,0,One-Time / Occasional Shoppers
C18037,1,2,140.68,140.68,70.34,3.0,1,1,0,1,0,0,2023-03-08,2023-03-08,0,1.0,1.0,0.0,1.0,0.0,2.0,1.49999999925,140.68,0,One-Time / Occasional Shoppers
C18076,1,3,1766.22,1766.22,588.74,8.0,1,1,0,0,0,0,2023-12-01,2023-12-01,0,1.0,1.0,0.0,0.0,0.0,3.0,2.6666666657777776,1766.22,0,One-Time / Occasional Shoppers
C18104,1,5,635.9000000000001,635.9000000000001,127.18,9.0,1,1,0,1,0,0,2024-11-15,2024-11-15,0,1.0,1.0,0.0,1.0,0.0,5.0,1.79999999964,635.9000000000001,0,One-Time / Occasional Shoppers
C18105,1,4,2332.08,2332.08,583.02,4.0,1,1,1,0,0,0,2024-10-25,2024-10-25,0,1.0,1.0,1.0,0.0,0.0,4.0,0.99999999975,2332.08,0,One-Time / Occasional Shoppers
C18138,1,3,1618.38,1618.38,539.46,4.0,1,1,0,0,0,1,2023-04-06,2023-04-06,0,1.0,1.0,0.0,0.0,0.0,3.0,1.3333333328888888,1618.38,0,One-Time / Occasional Shoppers
C18167,1,4,887.84,887.84,221.96,7.0,1,0,1,0,0,0,2024-03-17,2024-03-17,0,1.0,0.0,1.0,0.0,0.0,4.0,1.7499999995625,887.84,0,One-Time / Occasional Shoppers
C18169,1,2,929.84,929.84,464.92,2.0,1,0,0,0,1,0,2025-05-03,2025-05-03,0,1.0,0.0,0.0,0.0,1.0,2.0,0.9999999995,929.84,0,One-Time / Occasional Shoppers
C18187,1,1,605.28,605.28,605.28,3.0,1,1,0,0,0,1,2024-11-18,2024-11-18,0,1.0,1.0,0.0,0.0,0.0,1.0,2.9999999969999998,605.28,0,One-Time / Occasional Shoppers
C18353,1,3,1299.99,1299.99,433.33,4.0,1,1,0,1,0,0,2025-06-03,2025-06-03,0,1.0,1.0,0.0,1.0,0.0,3.0,1.3333333328888888,1299.99,0,One-Time / Occasional Shoppers
C18404,1,5,3370.2,3370.2,674.04,7.0,1,1,0,1,0,0,2023-02-28,2023-02-28,0,1.0,1.0,0.0,1.0,0.0,5.0,1.3999999997199999,3370.2,0,One-Time / Occasional Shoppers
C18473,1,2,840.58,840.58,420.29,3.0,1,1,0,0,1,0,2025-06-14,2025-06-14,0,1.0,1.0,0.0,0.0,1.0,2.0,1.49999999925,840.58,0,One-Time / Occasional Shoppers
C18567,1,4,365.84,365.84,91.46,9.0,1,1,0,1,0,0,2023-09-23,2023-09-23,0,1.0,1.0,0.0,1.0,0.0,4.0,2.2499999994375,365.84,0,One-Time / Occasional Shoppers
C18583,1,5,1822.1,1822.1,364.42,10.0,1,1,0,1,0,0,2023-08-20,2023-08-20,0,1.0,1.0,0.0,1.0,0.0,5.0,1.9999999996,1822.1,0,One-Time / Occasional Shoppers
C18717,1,5,2793.15,2793.15,558.63,8.0,1,1,0,0,0,0,2023-03-26,2023-03-26,0,1.0,1.0,0.0,0.0,0.0,5.0,1.59999999968,2793.15,0,One-Time / Occasional Shoppers
C18724,1,1,616.1,616.1,616.1,6.0,1,0,0,0,1,0,2024-06-09,2024-06-09,0,1.0,0.0,0.0,0.0,1.0,1.0,5.9999999939999995,616.1,0,One-Time / Occasional Shoppers
C18820,1,5,2573.0,2573.0,514.6,10.0,1,1,1,0,0,0,2023-06-12,2023-06-12,0,1.0,1.0,1.0,0.0,0.0,5.0,1.9999999996,2573.0,0,One-Time / Occasional Shoppers
C18826,1,3,1443.3,1443.3,481.1,3.0,1,1,0,0,1,0,2023-08-29,2023-08-29,0,1.0,1.0,0.0,0.0,1.0,3.0,0.9999999996666666,1443.3,0,One-Time / Occasional Shoppers
C18944,1,4,1575.2,1575.2,393.8,7.0,1,1,0,0,0,0,2023-01-20,2023-01-20,0,1.0,1.0,0.0,0.0,0.0,4.0,1.7499999995625,1575.2,0,One-Time / Occasional Shoppers
C18984,1,3,1767.9,1767.9,589.3,6.0,1,1,0,0,1,0,2024-04-04,2024-04-04,0,1.0,1.0,0.0,0.0,1.0,3.0,1.9999999993333333,1767.9,0,One-Time / Occasional Shoppers
C19071,1,3,1352.94,1352.94,450.98,8.0,1,1,0,0,0,1,2025-02-24,2025-02-24,0,1.0,1.0,0.0,0.0,0.0,3.0,2.6666666657777776,1352.94,0,One-Time / Occasional Shoppers
C19266,1,3,442.17,442.17,147.39,3.0,1,0,0,0,1,0,2023-03-04,2023-03-04,0,1.0,0.0,0.0,0.0,1.0,3.0,0.9999999996666666,442.17,0,One-Time / Occasional Shoppers
C19368,1,2,646.44,646.44,323.22,7.0,1,0,1,0,0,0,2025-04-18,2025-04-18,0,1.0,0.0,1.0,0.0,0.0,2.0,3.49999999825,646.44,0,One-Time / Occasional Shoppers
C19384,1,4,351.16,351.16,87.79,6.0,1,1,0,1,0,0,2023-12-24,2023-12-24,0,1.0,1.0,0.0,1.0,0.0,4.0,1.499999999625,351.16,0,One-Time / Occasional Shoppers
C19402,1,4,1204.68,1204.68,301.17,6.0,1,0,0,1,0,0,2023-12-19,2023-12-19,0,1.0,0.0,0.0,1.0,0.0,4.0,1.499999999625,1204.68,0,One-Time / Occasional Shoppers
C19439,1,1,440.34,440.34,440.34,2.0,1,1,0,0,0,1,2025-06-05,2025-06-05,0,1.0,1.0,0.0,0.0,0.0,1.0,1.9999999979999998,440.34,0,One-Time / Occasional Shoppers
C19451,1,4,2357.76,2357.76,589.44,5.0,1,0,0,0,1,0,2024-12-22,2024-12-22,0,1.0,0.0,0.0,0.0,1.0,4.0,1.2499999996875,2357.76,0,One-Time / Occasional Shoppers
C19648,1,4,2673.44,2673.44,668.36,5.0,1,1,0,1,0,0,2024-09-20,2024-09-20,0,1.0,1.0,0.0,1.0,0.0,4.0,1.2499999996875,2673.44,0,One-Time / Occasional Shoppers
C19722,1,1,596.24,596.24,596.24,4.0,1,1,0,0,1,0,2024-05-31,2024-05-31,0,1.0,1.0,0.0,0.0,1.0,1.0,3.9999999959999997,596.24,0,One-Time / Occasional Shoppers
C19742,1,1,332.09,332.09,332.09,5.0,1,1,0,0,1,0,2023-09-13,2023-09-13,0,1.0,1.0,0.0,0.0,1.0,1.0,4.999999995,332.09,0,One-Time / Occasional Shoppers
C19759,1,2,1176.6,1176.6,588.3,2.0,1,1,0,0,0,0,2025-01-02,2025-01-02,0,1.0,1.0,0.0,0.0,0.0,2.0,0.9999999995,1176.6,0,One-Time / Occasional Shoppers
C19937,1,1,438.34,438.34,438.34,5.0,1,1,0,0,1,0,2025-05-26,2025-05-26,0,1.0,1.0,0.0,0.0,1.0,1.0,4.999999995,438.34,0,One-Time / Occasional Shoppers
C20077,1,4,2372.88,2372.88,593.22,8.0,1,1,0,1,0,0,2024-03-06,2024-03-06,0,1.0,1.0,0.0,1.0,0.0,4.0,1.9999999995,2372.88,0,One-Time / Occasional Shoppers
C20095,1,2,1325.06,1325.06,662.53,5.0,1,0,0,1,0,0,2024-03-04,2024-03-04,0,1.0,0.0,0.0,1.0,0.0,2.0,2.49999999875,1325.06,0,One-Time / Occasional Shoppers
C20124,1,2,177.46,177.46,88.73,5.0,1,0,0,0,0,0,2023-12-18,2023-12-18,0,1.0,0.0,0.0,0.0,0.0,2.0,2.49999999875,177.46,0,One-Time / Occasional Shoppers
C20212,1,3,1834.35,1834.35,611.45,4.0,1,1,0,0,0,0,2023-12-05,2023-12-05,0,1.0,1.0,0.0,0.0,0.0,3.0,1.3333333328888888,1834.35,0,One-Time / Occasional Shoppers
C20256,1,3,1616.22,1616.22,538.74,6.0,1,1,0,0,0,1,2024-12-11,2024-12-11,0,1.0,1.0,0.0,0.0,0.0,3.0,1.9999999993333333,1616.22,0,One-Time / Occasional Shoppers
C20257,1,5,1343.9,1343.9,268.78,7.0,1,1,1,0,0,0,2023-12-29,2023-12-29,0,1.0,1.0,1.0,0.0,0.0,5.0,1.3999999997199999,1343.9,0,One-Time / Occasional Shoppers
C20286,1,1,571.9,571.9,571.9,1.0,1,1,0,0,0,0,2024-09-16,2024-09-16,0,1.0,1.0,0.0,0.0,0.0,1.0,0.9999999989999999,571.9,0,One-Time / Occasional Shoppers
C20338,1,1,370.85,370.85,370.85,2.0,1,1,1,0,0,0,2024-12-24,2024-12-24,0,1.0,1.0,1.0,0.0,0.0,1.0,1.9999999979999998,370.85,0,One-Time / Occasional Shoppers
C20357,1,3,2077.32,2077.32,692.44,8.0,1,1,0,1,0,0,2024-06-12,2024-06-12,0,1.0,1.0,0.0,1.0,0.0,3.0,2.6666666657777776,2077.32,0,One-Time / Occasional Shoppers
C20448,1,2,296.44,296.44,148.22,7.0,1,1,1,0,0,0,2023-08-15,2023-08-15,0,1.0,1.0,1.0,0.0,0.0,2.0,3.49999999825,296.44,0,One-Time / Occasional Shoppers
C20512,1,4,2763.12,2763.12,690.78,9.0,1,0,0,0,0,1,2023-07-19,2023-07-19,0,1.0,0.0,0.0,0.0,0.0,4.0,2.2499999994375,2763.12,0,One-Time / Occasional Shoppers
C20624,1,1,479.56,479.56,479.56,1.0,1,1,0,0,1,0,2025-03-15,2025-03-15,0,1.0,1.0,0.0,0.0,1.0,1.0,0.9999999989999999,479.56,0,One-Time / Occasional Shoppers
C20643,1,4,2011.96,2011.96,502.99,4.0,1,1,0,0,0,1,2024-02-16,2024-02-16,0,1.0,1.0,0.0,0.0,0.0,4.0,0.99999999975,2011.96,0,One-Time / Occasional Shoppers
C20670,1,2,935.82,935.82,467.91,5.0,1,1,0,0,1,0,2024-04-09,2024-04-09,0,1.0,1.0,0.0,0.0,1.0,2.0,2.49999999875,935.82,0,One-Time / Occasional Shoppers
C20731,1,4,1777.76,1777.76,444.44,8.0,1,1,0,1,0,0,2023-05-19,2023-05-19,0,1.0,1.0,0.0,1.0,0.0,4.0,1.9999999995,1777.76,0,One-Time / Occasional Shoppers
C20752,1,1,572.13,572.13,572.13,4.0,1,1,0,1,0,0,2023-12-22,2023-12-22,0,1.0,1.0,0.0,1.0,0.0,1.0,3.9999999959999997,572.13,0,One-Time / Occasional Shoppers
C20817,1,5,3078.35,3078.35,615.67,6.0,1,1,0,0,0,0,2023-05-16,2023-05-16,0,1.0,1.0,0.0,0.0,0.0,5.0,1.19999999976,3078.35,0,One-Time / Occasional Shoppers
C20861,1,5,2441.75,2441.75,488.35,9.0,1,1,0,0,1,0,2025-05-19,2025-05-19,0,1.0,1.0,0.0,0.0,1.0,5.0,1.79999999964,2441.75,0,One-Time / Occasional Shoppers
C20881,1,2,1288.1,1288.1,644.05,5.0,1,1,0,1,0,0,2023-07-18,2023-07-18,0,1.0,1.0,0.0,1.0,0.0,2.0,2.49999999875,1288.1,0,One-Time / Occasional Shoppers
C20977,1,4,1740.48,1740.48,435.12,9.0,1,1,1,0,0,0,2023-06-11,2023-06-11,0,1.0,1.0,1.0,0.0,0.0,4.0,2.2499999994375,1740.48,0,One-Time / Occasional Shoppers
C21043,1,1,694.5,694.5,694.5,3.0,1,1,0,0,0,0,2024-07-18,2024-07-18,0,1.0,1.0,0.0,0.0,0.0,1.0,2.9999999969999998,694.5,0,One-Time / Occasional Shoppers
C21126,1,1,107.04,107.04,107.04,6.0,1,1,0,1,0,0,2024-06-20,2024-06-20,0,1.0,1.0,0.0,1.0,0.0,1.0,5.9999999939999995,107.04,0,One-Time / Occasional Shoppers
C21147,1,1,335.1,335.1,335.1,6.0,1,1,0,0,0,0,2023-06-16,2023-06-16,0,1.0,1.0,0.0,0.0,0.0,1.0,5.9999999939999995,335.1,0,One-Time / Occasional Shoppers
C21167,1,4,2235.6,2235.6,558.9,9.0,1,1,0,0,0,1,2023-02-11,2023-02-11,0,1.0,1.0,0.0,0.0,0.0,4.0,2.2499999994375,2235.6,0,One-Time / Occasional Shoppers
C21181,1,2,1350.2,1350.2,675.1,4.0,1,1,0,0,0,0,2024-04-07,2024-04-07,0,1.0,1.0,0.0,0.0,0.0,2.0,1.999999999,1350.2,0,One-Time / Occasional Shoppers
C21191,2,3,647.77,323.885,243.39499999999998,2.0,2,2,1,0,0,0,2024-04-11,2025-05-16,400,0.004987531172069825,1.0,0.5,0.0,0.0,1.5,1.3333333324444443,323.885,1,Repeat / Higher-Value Shoppers
C21227,1,1,590.87,590.87,590.87,6.0,1,1,0,0,1,0,2023-02-08,2023-02-08,0,1.0,1.0,0.0,0.0,1.0,1.0,5.9999999939999995,590.87,0,One-Time / Occasional Shoppers
C21437,1,1,222.73,222.73,222.73,4.0,1,0,0,0,1,0,2024-05-10,2024-05-10,0,1.0,0.0,0.0,0.0,1.0,1.0,3.9999999959999997,222.73,0,One-Time / Occasional Shoppers
C21665,1,4,1700.72,1700.72,425.18,8.0,1,1,0,0,1,0,2023-09-30,2023-09-30,0,1.0,1.0,0.0,0.0,1.0,4.0,1.9999999995,1700.72,0,One-Time / Occasional Shoppers
C21905,1,1,298.06,298.06,298.06,3.0,1,1,0,0,0,0,2023-12-21,2023-12-21,0,1.0,1.0,0.0,0.0,0.0,1.0,2.9999999969999998,298.06,0,One-Time / Occasional Shoppers
C21944,1,5,297.75,297.75,59.55,6.0,1,0,1,0,0,0,2024-03-06,2024-03-06,0,1.0,0.0,1.0,0.0,0.0,5.0,1.19999999976,297.75,0,One-Time / Occasional Shoppers
C21953,1,2,250.46,250.46,125.23,3.0,1,1,0,1,0,0,2024-09-19,2024-09-19,0,1.0,1.0,0.0,1.0,0.0,2.0,1.49999999925,250.46,0,One-Time / Occasional Shoppers
C22101,1,2,265.2,265.2,132.6,4.0,1,1,0,1,0,0,2023-03-14,2023-03-14,0,1.0,1.0,0.0,1.0,0.0,2.0,1.999999999,265.2,0,One-Time / Occasional Shoppers
C22123,1,1,672.89,672.89,672.89,1.0,1,1,0,0,0,0,2023-09-24,2023-09-24,0,1.0,1.0,0.0,0.0,0.0,1.0,0.9999999989999999,672.89,0,One-Time / Occasional Shoppers
C22167,1,5,2178.3,2178.3,435.66,9.0,1,0,0,0,0,0,2023-08-20,2023-08-20,0,1.0,0.0,0.0,0.0,0.0,5.0,1.79999999964,2178.3,0,One-Time / Occasional Shoppers
C22429,1,4,604.8,604.8,151.2,9.0,1,1,0,0,0,0,2023-07-02,2023-07-02,0,1.0,1.0,0.0,0.0,0.0,4.0,2.2499999994375,604.8,0,One-Time / Occasional Shoppers
C22534,1,1,529.19,529.19,529.19,5.0,1,0,0,1,0,0,2023-01-20,2023-01-20,0,1.0,0.0,0.0,1.0,0.0,1.0,4.999999995,529.19,0,One-Time / Occasional Shoppers
C22657,1,3,1901.91,1901.91,633.97,7.0,1,1,0,0,0,0,2023-12-28,2023-12-28,0,1.0,1.0,0.0,0.0,0.0,3.0,2.3333333325555556,1901.91,0,One-Time / Occasional Shoppers
C22783,1,4,2771.64,2771.64,692.91,9.0,1,1,0,0,0,0,2024-09-11,2024-09-11,0,1.0,1.0,0.0,0.0,0.0,4.0,2.2499999994375,2771.64,0,One-Time / Occasional Shoppers
C22919,1,1,195.86,195.86,195.86,3.0,1,0,0,0,0,0,2025-05-10,2025-05-10,0,1.0,0.0,0.0,0.0,0.0,1.0,2.9999999969999998,195.86,0,One-Time / Occasional Shoppers
C22981,1,3,472.2,472.2,157.4,7.0,1,1,0,1,0,0,2024-04-15,2024-04-15,0,1.0,1.0,0.0,1.0,0.0,3.0,2.3333333325555556,472.2,0,One-Time / Occasional Shoppers
C22991,1,1,252.68,252.68,252.68,1.0,1,0,0,1,0,0,2025-03-31,2025-03-31,0,1.0,0.0,0.0,1.0,0.0,1.0,0.9999999989999999,252.68,0,One-Time / Occasional Shoppers
C23279,1,2,87.34,87.34,43.67,4.0,1,1,0,0,1,0,2023-07-25,2023-07-25,0,1.0,1.0,0.0,0.0,1.0,2.0,1.999999999,87.34,0,One-Time / Occasional Shoppers
C23334,1,1,331.06,331.06,331.06,5.0,1,1,0,0,0,0,2024-05-16,2024-05-16,0,1.0,1.0,0.0,0.0,0.0,1.0,4.999999995,331.06,0,One-Time / Occasional Shoppers
C23405,1,4,2780.4,2780.4,695.1,8.0,1,0,0,0,1,0,2024-08-23,2024-08-23,0,1.0,0.0,0.0,0.0,1.0,4.0,1.9999999995,2780.4,0,One-Time / Occasional Shoppers
C23555,1,4,1633.44,1633.44,408.36,4.0,1,1,0,1,0,0,2023-10-16,2023-10-16,0,1.0,1.0,0.0,1.0,0.0,4.0,0.99999999975,1633.44,0,One-Time / Occasional Shoppers
C23637,1,1,553.56,553.56,553.56,5.0,1,0,0,1,0,0,2023-05-31,2023-05-31,0,1.0,0.0,0.0,1.0,0.0,1.0,4.999999995,553.56,0,One-Time / Occasional Shoppers
C23899,1,5,1358.45,1358.45,271.69,7.0,1,1,0,0,1,0,2025-03-26,2025-03-26,0,1.0,1.0,0.0,0.0,1.0,5.0,1.3999999997199999,1358.45,0,One-Time / Occasional Shoppers
C23917,1,1,127.55,127.55,127.55,3.0,1,1,0,0,0,1,2023-04-27,2023-04-27,0,1.0,1.0,0.0,0.0,0.0,1.0,2.9999999969999998,127.55,0,One-Time / Occasional Shoppers
C23947,1,1,120.98,120.98,120.98,6.0,1,1,1,0,0,0,2023-05-18,2023-05-18,0,1.0,1.0,1.0,0.0,0.0,1.0,5.9999999939999995,120.98,0,One-Time / Occasional Shoppers
C23978,1,1,576.35,576.35,576.35,1.0,1,1,0,0,1,0,2024-09-30,2024-09-30,0,1.0,1.0,0.0,0.0,1.0,1.0,0.9999999989999999,576.35,0,One-Time / Occasional Shoppers
C24047,1,4,937.8,937.8,234.45,9.0,1,1,0,1,0,0,2023-05-06,2023-05-06,0,1.0,1.0,0.0,1.0,0.0,4.0,2.2499999994375,937.8,0,One-Time / Occasional Shoppers
C24212,1,3,322.08,322.08,107.36,5.0,1,1,1,0,0,0,2023-10-08,2023-10-08,0,1.0,1.0,1.0,0.0,0.0,3.0,1.6666666661111111,322.08,0,One-Time / Occasional Shoppers
C24301,1,2,1284.08,1284.08,642.04,4.0,1,1,1,0,0,0,2024-10-26,2024-10-26,0,1.0,1.0,1.0,0.0,0.0,2.0,1.999999999,1284.08,0,One-Time / Occasional Shoppers
C24347,1,2,646.9,646.9,323.45,5.0,1,1,0,0,1,0,2025-02-16,2025-02-16,0,1.0,1.0,0.0,0.0,1.0,2.0,2.49999999875,646.9,0,One-Time / Occasional Shoppers
C24369,1,3,1079.19,1079.19,359.73,7.0,1,1,0,0,1,0,2024-03-13,2024-03-13,0,1.0,1.0,0.0,0.0,1.0,3.0,2.3333333325555556,1079.19,0,One-Time / Occasional Shoppers
C24751,1,5,2506.3,2506.3,501.26,10.0,1,1,0,0,0,1,2023-12-07,2023-12-07,0,1.0,1.0,0.0,0.0,0.0,5.0,1.9999999996,2506.3,0,One-Time / Occasional Shoppers
C24765,1,2,719.72,719.72,359.86,4.0,1,0,0,1,0,0,2024-07-04,2024-07-04,0,1.0,0.0,0.0,1.0,0.0,2.0,1.999999999,719.72,0,One-Time / Occasional Shoppers
C24769,1,2,57.1,57.1,28.55,7.0,1,1,0,0,0,1,2023-11-05,2023-11-05,0,1.0,1.0,0.0,0.0,0.0,2.0,3.49999999825,57.1,0,One-Time / Occasional Shoppers
C24884,1,1,260.26,260.26,260.26,5.0,1,1,0,0,0,0,2024-07-22,2024-07-22,0,1.0,1.0,0.0,0.0,0.0,1.0,4.999999995,260.26,0,One-Time / Occasional Shoppers
C24901,1,3,299.7,299.7,99.9,8.0,1,1,1,0,0,0,2023-05-05,2023-05-05,0,1.0,1.0,1.0,0.0,0.0,3.0,2.6666666657777776,299.7,0,One-Time / Occasional Shoppers
C25110,1,2,126.42,126.42,63.21,4.0,1,1,0,1,0,0,2025-06-30,2025-06-30,0,1.0,1.0,0.0,1.0,0.0,2.0,1.999999999,126.42,0,One-Time / Occasional Shoppers
C25123,1,1,629.21,629.21,629.21,2.0,1,1,0,0,0,0,2023-05-26,2023-05-26,0,1.0,1.0,0.0,0.0,0.0,1.0,1.9999999979999998,629.21,0,One-Time / Occasional Shoppers
C25149,1,4,1054.48,1054.48,263.62,5.0,1,1,0,0,0,1,2023-09-29,2023-09-29,0,1.0,1.0,0.0,0.0,0.0,4.0,1.2499999996875,1054.48,0,One-Time / Occasional Shoppers
C25162,1,2,688.36,688.36,344.18,7.0,1,0,0,0,0,1,2023-11-09,2023-11-09,0,1.0,0.0,0.0,0.0,0.0,2.0,3.49999999825,688.36,0,One-Time / Occasional Shoppers
C25268,1,1,665.11,665.11,665.11,3.0,1,1,0,0,0,0,2025-03-04,2025-03-04,0,1.0,1.0,0.0,0.0,0.0,1.0,2.9999999969999998,665.11,0,One-Time / Occasional Shoppers
C25276,1,5,3313.9,3313.9,662.78,9.0,1,1,0,0,0,1,2023-05-26,2023-05-26,0,1.0,1.0,0.0,0.0,0.0,5.0,1.79999999964,3313.9,0,One-Time / Occasional Shoppers
C25316,1,2,79.06,79.06,39.53,3.0,1,1,0,0,0,1,2024-06-27,2024-06-27,0,1.0,1.0,0.0,0.0,0.0,2.0,1.49999999925,79.06,0,One-Time / Occasional Shoppers
C25382,1,5,454.35,454.35,90.87,5.0,1,0,0,0,0,0,2023-06-24,2023-06-24,0,1.0,0.0,0.0,0.0,0.0,5.0,0.9999999998,454.35,0,One-Time / Occasional Shoppers
C25406,1,1,161.24,161.24,161.24,3.0,1,1,0,0,0,0,2024-12-18,2024-12-18,0,1.0,1.0,0.0,0.0,0.0,1.0,2.9999999969999998,161.24,0,One-Time / Occasional Shoppers
C25445,1,5,658.5,658.5,131.7,8.0,1,1,0,0,0,1,2025-01-29,2025-01-29,0,1.0,1.0,0.0,0.0,0.0,5.0,1.59999999968,658.5,0,One-Time / Occasional Shoppers
C25503,1,2,211.14,211.14,105.57,5.0,1,1,0,0,1,0,2023-12-13,2023-12-13,0,1.0,1.0,0.0,0.0,1.0,2.0,2.49999999875,211.14,0,One-Time / Occasional Shoppers
C25534,1,5,984.2,984.2,196.84,5.0,1,1,1,0,0,0,2023-01-23,2023-01-23,0,1.0,1.0,1.0,0.0,0.0,5.0,0.9999999998,984.2,0,One-Time / Occasional Shoppers
C25580,1,4,1563.36,1563.36,390.84,9.0,1,1,0,1,0,0,2023-03-02,2023-03-02,0,1.0,1.0,0.0,1.0,0.0,4.0,2.2499999994375,1563.36,0,One-Time / Occasional Shoppers
C25587,1,4,48.4,48.4,12.1,8.0,1,0,0,1,0,0,2024-12-09,2024-12-09,0,1.0,0.0,0.0,1.0,0.0,4.0,1.9999999995,48.4,0,One-Time / Occasional Shoppers
C25783,1,5,1253.4,1253.4,250.68,8.0,1,1,0,0,0,1,2025-03-22,2025-03-22,0,1.0,1.0,0.0,0.0,0.0,5.0,1.59999999968,1253.4,0,One-Time / Occasional Shoppers
C25841,1,3,904.6500000000001,904.6500000000001,301.55,5.0,1,1,1,0,0,0,2024-05-29,2024-05-29,0,1.0,1.0,1.0,0.0,0.0,3.0,1.6666666661111111,904.6500000000001,0,One-Time / Occasional Shoppers
C25918,1,5,666.9499999999999,666.9499999999999,133.39,6.0,1,1,1,0,0,0,2023-08-03,2023-08-03,0,1.0,1.0,1.0,0.0,0.0,5.0,1.19999999976,666.9499999999999,0,One-Time / Occasional Shoppers
C25967,1,5,1709.8,1709.8,341.96,6.0,1,0,1,0,0,0,2024-01-16,2024-01-16,0,1.0,0.0,1.0,0.0,0.0,5.0,1.19999999976,1709.8,0,One-Time / Occasional Shoppers
C26118,1,2,144.78,144.78,72.39,7.0,1,1,1,0,0,0,2023-03-26,2023-03-26,0,1.0,1.0,1.0,0.0,0.0,2.0,3.49999999825,144.78,0,One-Time / Occasional Shoppers
C26137,1,2,856.18,856.18,428.09,6.0,1,0,0,0,1,0,2025-03-12,2025-03-12,0,1.0,0.0,0.0,0.0,1.0,2.0,2.9999999985,856.18,0,One-Time / Occasional Shoppers
C26152,1,2,972.7,972.7,486.35,6.0,1,1,0,0,0,0,2024-06-14,2024-06-14,0,1.0,1.0,0.0,0.0,0.0,2.0,2.9999999985,972.7,0,One-Time / Occasional Shoppers
C26163,1,5,625.1,625.1,125.02,9.0,1,1,0,0,0,0,2024-07-03,2024-07-03,0,1.0,1.0,0.0,0.0,0.0,5.0,1.79999999964,625.1,0,One-Time / Occasional Shoppers
C26188,1,1,618.68,618.68,618.68,6.0,1,1,1,0,0,0,2023-04-20,2023-04-20,0,1.0,1.0,1.0,0.0,0.0,1.0,5.9999999939999995,618.68,0,One-Time / Occasional Shoppers
C26210,1,3,1334.25,1334.25,444.75,6.0,1,1,1,0,0,0,2023-11-27,2023-11-27,0,1.0,1.0,1.0,0.0,0.0,3.0,1.9999999993333333,1334.25,0,One-Time / Occasional Shoppers
C26223,1,1,657.07,657.07,657.07,4.0,1,1,0,0,0,0,2024-10-04,2024-10-04,0,1.0,1.0,0.0,0.0,0.0,1.0,3.9999999959999997,657.07,0,One-Time / Occasional Shoppers
C26340,1,2,369.2,369.2,184.6,7.0,1,1,1,0,0,0,2024-03-13,2024-03-13,0,1.0,1.0,1.0,0.0,0.0,2.0,3.49999999825,369.2,0,One-Time / Occasional Shoppers
C26364,1,4,1314.24,1314.24,328.56,4.0,1,1,0,0,1,0,2023-04-16,2023-04-16,0,1.0,1.0,0.0,0.0,1.0,4.0,0.99999999975,1314.24,0,One-Time / Occasional Shoppers
C26445,1,3,1500.24,1500.24,500.08,6.0,1,0,0,0,1,0,2023-06-30,2023-06-30,0,1.0,0.0,0.0,0.0,1.0,3.0,1.9999999993333333,1500.24,0,One-Time / Occasional Shoppers
C26637,1,5,869.8000000000001,869.8000000000001,173.96,8.0,1,1,0,0,0,0,2023-08-31,2023-08-31,0,1.0,1.0,0.0,0.0,0.0,5.0,1.59999999968,869.8000000000001,0,One-Time / Occasional Shoppers
C26718,1,4,1052.36,1052.36,263.09,8.0,1,1,0,0,0,1,2025-01-30,2025-01-30,0,1.0,1.0,0.0,0.0,0.0,4.0,1.9999999995,1052.36,0,One-Time / Occasional Shoppers
C26767,1,1,303.6,303.6,303.6,5.0,1,1,0,0,0,1,2023-08-10,2023-08-10,0,1.0,1.0,0.0,0.0,0.0,1.0,4.999999995,303.6,0,One-Time / Occasional Shoppers
C26817,1,2,268.56,268.56,134.28,2.0,1,0,0,1,0,0,2025-04-02,2025-04-02,0,1.0,0.0,0.0,1.0,0.0,2.0,0.9999999995,268.56,0,One-Time / Occasional Shoppers
C26966,1,5,1872.9,1872.9,374.58,10.0,1,1,0,1,0,0,2023-05-06,2023-05-06,0,1.0,1.0,0.0,1.0,0.0,5.0,1.9999999996,1872.9,0,One-Time / Occasional Shoppers
C27070,1,4,2612.52,2612.52,653.13,8.0,1,1,0,0,0,1,2024-10-07,2024-10-07,0,1.0,1.0,0.0,0.0,0.0,4.0,1.9999999995,2612.52,0,One-Time / Occasional Shoppers
C27072,1,3,463.11,463.11,154.37,4.0,1,0,1,0,0,0,2025-06-15,2025-06-15,0,1.0,0.0,1.0,0.0,0.0,3.0,1.3333333328888888,463.11,0,One-Time / Occasional Shoppers
C27078,1,5,1181.9,1181.9,236.38,7.0,1,0,0,0,1,0,2024-11-02,2024-11-02,0,1.0,0.0,0.0,0.0,1.0,5.0,1.3999999997199999,1181.9,0,One-Time / Occasional Shoppers
C27202,1,5,3267.35,3267.35,653.47,10.0,1,1,0,1,0,0,2024-08-19,2024-08-19,0,1.0,1.0,0.0,1.0,0.0,5.0,1.9999999996,3267.35,0,One-Time / Occasional Shoppers
C27203,1,5,1040.85,1040.85,208.17,6.0,1,1,0,0,1,0,2023-02-16,2023-02-16,0,1.0,1.0,0.0,0.0,1.0,5.0,1.19999999976,1040.85,0,One-Time / Occasional Shoppers
C27305,1,2,1390.58,1390.58,695.29,6.0,1,1,0,0,0,0,2024-07-25,2024-07-25,0,1.0,1.0,0.0,0.0,0.0,2.0,2.9999999985,1390.58,0,One-Time / Occasional Shoppers
C27401,1,3,1619.73,1619.73,539.91,8.0,1,0,1,0,0,0,2024-11-24,2024-11-24,0,1.0,0.0,1.0,0.0,0.0,3.0,2.6666666657777776,1619.73,0,One-Time / Occasional Shoppers
C27430,1,5,474.25,474.25,94.85,6.0,1,1,0,0,0,1,2025-02-04,2025-02-04,0,1.0,1.0,0.0,0.0,0.0,5.0,1.19999999976,474.25,0,One-Time / Occasional Shoppers
C27435,1,5,2104.9,2104.9,420.98,7.0,1,1,1,0,0,0,2024-05-27,2024-05-27,0,1.0,1.0,1.0,0.0,0.0,5.0,1.3999999997199999,2104.9,0,One-Time / Occasional Shoppers
C27438,1,1,70.32,70.32,70.32,4.0,1,1,0,0,1,0,2023-11-11,2023-11-11,0,1.0,1.0,0.0,0.0,1.0,1.0,3.9999999959999997,70.32,0,One-Time / Occasional Shoppers
C27613,1,4,2462.6,2462.6,615.65,9.0,1,1,1,0,0,0,2024-06-27,2024-06-27,0,1.0,1.0,1.0,0.0,0.0,4.0,2.2499999994375,2462.6,0,One-Time / Occasional Shoppers
C27898,1,5,2513.55,2513.55,502.71,7.0,1,1,0,0,0,1,2023-10-09,2023-10-09,0,1.0,1.0,0.0,0.0,0.0,5.0,1.3999999997199999,2513.55,0,One-Time / Occasional Shoppers
C28049,1,2,1293.38,1293.38,646.69,7.0,1,1,0,0,0,1,2023-05-21,2023-05-21,0,1.0,1.0,0.0,0.0,0.0,2.0,3.49999999825,1293.38,0,One-Time / Occasional Shoppers
C28152,1,3,1714.59,1714.59,571.53,6.0,1,1,1,0,0,0,2025-05-12,2025-05-12,0,1.0,1.0,1.0,0.0,0.0,3.0,1.9999999993333333,1714.59,0,One-Time / Occasional Shoppers
C28386,1,1,277.09,277.09,277.09,2.0,1,1,0,0,1,0,2024-04-06,2024-04-06,0,1.0,1.0,0.0,0.0,1.0,1.0,1.9999999979999998,277.09,0,One-Time / Occasional Shoppers
C28406,1,1,23.53,23.53,23.53,2.0,1,1,1,0,0,0,2025-05-17,2025-05-17,0,1.0,1.0,1.0,0.0,0.0,1.0,1.9999999979999998,23.53,0,One-Time / Occasional Shoppers
C28552,1,2,29.86,29.86,14.93,4.0,1,0,0,0,0,1,2025-02-25,2025-02-25,0,1.0,0.0,0.0,0.0,0.0,2.0,1.999999999,29.86,0,One-Time / Occasional Shoppers
C28648,1,4,1895.44,1895.44,473.86,7.0,1,1,1,0,0,0,2024-04-28,2024-04-28,0,1.0,1.0,1.0,0.0,0.0,4.0,1.7499999995625,1895.44,0,One-Time / Occasional Shoppers
C28712,1,2,303.32,303.32,151.66,6.0,1,0,0,1,0,0,2024-05-06,2024-05-06,0,1.0,0.0,0.0,1.0,0.0,2.0,2.9999999985,303.32,0,One-Time / Occasional Shoppers
C28740,1,3,1670.97,1670.97,556.99,4.0,1,1,0,1,0,0,2023-06-30,2023-06-30,0,1.0,1.0,0.0,1.0,0.0,3.0,1.3333333328888888,1670.97,0,One-Time / Occasional Shoppers
C28828,1,3,395.88,395.88,131.96,8.0,1,0,0,0,0,0,2025-02-04,2025-02-04,0,1.0,0.0,0.0,0.0,0.0,3.0,2.6666666657777776,395.88,0,One-Time / Occasional Shoppers
C28889,1,3,258.87,258.87,86.29,6.0,1,1,1,0,0,0,2025-03-04,2025-03-04,0,1.0,1.0,1.0,0.0,0.0,3.0,1.9999999993333333,258.87,0,One-Time / Occasional Shoppers
C28893,1,1,620.21,620.21,620.21,1.0,1,1,0,0,1,0,2024-11-10,2024-11-10,0,1.0,1.0,0.0,0.0,1.0,1.0,0.9999999989999999,620.21,0,One-Time / Occasional Shoppers
C28976,1,2,1067.62,1067.62,533.81,3.0,1,1,0,0,0,0,2023-01-24,2023-01-24,0,1.0,1.0,0.0,0.0,0.0,2.0,1.49999999925,1067.62,0,One-Time / Occasional Shoppers
C29041,1,3,1768.68,1768.68,589.56,6.0,1,0,0,0,1,0,2023-06-27,2023-06-27,0,1.0,0.0,0.0,0.0,1.0,3.0,1.9999999993333333,1768.68,0,One-Time / Occasional Shoppers
C29059,1,3,1503.9,1503.9,501.3,3.0,1,1,0,1,0,0,2025-01-22,2025-01-22,0,1.0,1.0,0.0,1.0,0.0,3.0,0.9999999996666666,1503.9,0,One-Time / Occasional Shoppers
C29063,1,5,478.75,478.75,95.75,8.0,1,1,0,0,0,1,2024-09-29,2024-09-29,0,1.0,1.0,0.0,0.0,0.0,5.0,1.59999999968,478.75,0,One-Time / Occasional Shoppers
C29072,1,2,687.98,687.98,343.99,4.0,1,0,1,0,0,0,2023-03-10,2023-03-10,0,1.0,0.0,1.0,0.0,0.0,2.0,1.999999999,687.98,0,One-Time / Occasional Shoppers
C29092,1,4,60.04,60.04,15.01,6.0,1,0,0,1,0,0,2024-05-29,2024-05-29,0,1.0,0.0,0.0,1.0,0.0,4.0,1.499999999625,60.04,0,One-Time / Occasional Shoppers
C29314,1,2,788.6,788.6,394.3,6.0,1,1,0,0,0,1,2023-06-08,2023-06-08,0,1.0,1.0,0.0,0.0,0.0,2.0,2.9999999985,788.6,0,One-Time / Occasional Shoppers
C29318,1,1,24.48,24.48,24.48,1.0,1,0,0,0,1,0,2024-07-12,2024-07-12,0,1.0,0.0,0.0,0.0,1.0,1.0,0.9999999989999999,24.48,0,One-Time / Occasional Shoppers
C29405,1,2,448.74,448.74,224.37,3.0,1,1,1,0,0,0,2025-03-11,2025-03-11,0,1.0,1.0,1.0,0.0,0.0,2.0,1.49999999925,448.74,0,One-Time / Occasional Shoppers
C29416,1,1,150.17,150.17,150.17,1.0,1,1,0,0,1,0,2025-01-26,2025-01-26,0,1.0,1.0,0.0,0.0,1.0,1.0,0.9999999989999999,150.17,0,One-Time / Occasional Shoppers
C29432,1,3,1406.22,1406.22,468.74,4.0,1,1,0,0,0,0,2023-05-16,2023-05-16,0,1.0,1.0,0.0,0.0,0.0,3.0,1.3333333328888888,1406.22,0,One-Time / Occasional Shoppers
C29467,1,1,191.76,191.76,191.76,1.0,1,1,0,0,1,0,2023-06-07,2023-06-07,0,1.0,1.0,0.0,0.0,1.0,1.0,0.9999999989999999,191.76,0,One-Time / Occasional Shoppers
C29483,1,4,1222.88,1222.88,305.72,5.0,1,0,1,0,0,0,2024-08-21,2024-08-21,0,1.0,0.0,1.0,0.0,0.0,4.0,1.2499999996875,1222.88,0,One-Time / Occasional Shoppers
C29568,1,4,194.44,194.44,48.61,7.0,1,1,0,0,0,1,2024-06-10,2024-06-10,0,1.0,1.0,0.0,0.0,0.0,4.0,1.7499999995625,194.44,0,One-Time / Occasional Shoppers
C29620,1,1,460.13,460.13,460.13,1.0,1,0,0,0,1,0,2023-10-25,2023-10-25,0,1.0,0.0,0.0,0.0,1.0,1.0,0.9999999989999999,460.13,0,One-Time / Occasional Shoppers
C29685,1,5,1923.45,1923.45,384.69,6.0,1,1,0,0,0,0,2024-01-24,2024-01-24,0,1.0,1.0,0.0,0.0,0.0,5.0,1.19999999976,1923.45,0,One-Time / Occasional Shoppers
C29697,1,1,401.82,401.82,401.82,5.0,1,1,0,0,0,1,2024-06-08,2024-06-08,0,1.0,1.0,0.0,0.0,0.0,1.0,4.999999995,401.82,0,One-Time / Occasional Shoppers
C29701,1,3,61.62,61.62,20.54,3.0,1,1,0,1,0,0,2025-04-15,2025-04-15,0,1.0,1.0,0.0,1.0,0.0,3.0,0.9999999996666666,61.62,0,One-Time / Occasional Shoppers
C29703,1,4,2790.0,2790.0,697.5,7.0,1,1,0,0,0,1,2023-12-17,2023-12-17,0,1.0,1.0,0.0,0.0,0.0,4.0,1.7499999995625,2790.0,0,One-Time / Occasional Shoppers
C29758,1,2,798.64,798.64,399.32,6.0,1,1,0,0,0,0,2023-09-19,2023-09-19,0,1.0,1.0,0.0,0.0,0.0,2.0,2.9999999985,798.64,0,One-Time / Occasional Shoppers
C29844,1,2,877.24,877.24,438.62,3.0,1,1,0,1,0,0,2025-04-19,2025-04-19,0,1.0,1.0,0.0,1.0,0.0,2.0,1.49999999925,877.24,0,One-Time / Occasional Shoppers
C29885,1,3,568.3199999999999,568.3199999999999,189.44,4.0,1,1,0,0,0,0,2023-11-19,2023-11-19,0,1.0,1.0,0.0,0.0,0.0,3.0,1.3333333328888888,568.3199999999999,0,One-Time / Occasional Shoppers
C29905,1,2,1067.9,1067.9,533.95,5.0,1,1,1,0,0,0,2024-03-17,2024-03-17,0,1.0,1.0,1.0,0.0,0.0,2.0,2.49999999875,1067.9,0,One-Time / Occasional Shoppers
C29914,1,1,133.39,133.39,133.39,2.0,1,1,0,0,0,1,2024-08-03,2024-08-03,0,1.0,1.0,0.0,0.0,0.0,1.0,1.9999999979999998,133.39,0,One-Time / Occasional Shoppers
C29931,1,4,612.36,612.36,153.09,4.0,1,1,1,0,0,0,2023-10-04,2023-10-04,0,1.0,1.0,1.0,0.0,0.0,4.0,0.99999999975,612.36,0,One-Time / Occasional Shoppers
C30010,1,3,382.23,382.23,127.41,7.0,1,1,1,0,0,0,2025-04-25,2025-04-25,0,1.0,1.0,1.0,0.0,0.0,3.0,2.3333333325555556,382.23,0,One-Time / Occasional Shoppers
C30168,1,3,933.99,933.99,311.33,3.0,1,1,0,1,0,0,2024-08-24,2024-08-24,0,1.0,1.0,0.0,1.0,0.0,3.0,0.9999999996666666,933.99,0,One-Time / Occasional Shoppers
C30184,1,1,427.06,427.06,427.06,1.0,1,1,0,1,0,0,2023-09-28,2023-09-28,0,1.0,1.0,0.0,1.0,0.0,1.0,0.9999999989999999,427.06,0,One-Time / Occasional Shoppers
C30334,1,2,267.1,267.1,133.55,7.0,1,1,0,0,0,0,2023-12-07,2023-12-07,0,1.0,1.0,0.0,0.0,0.0,2.0,3.49999999825,267.1,0,One-Time / Occasional Shoppers
C30411,1,4,2551.16,2551.16,637.79,9.0,1,1,0,1,0,0,2025-04-22,2025-04-22,0,1.0,1.0,0.0,1.0,0.0,4.0,2.2499999994375,2551.16,0,One-Time / Occasional Shoppers
C30477,1,1,201.58,201.58,201.58,2.0,1,1,0,1,0,0,2025-04-12,2025-04-12,0,1.0,1.0,0.0,1.0,0.0,1.0,1.9999999979999998,201.58,0,One-Time / Occasional Shoppers
C30513,1,1,586.44,586.44,586.44,5.0,1,1,0,0,1,0,2024-09-08,2024-09-08,0,1.0,1.0,0.0,0.0,1.0,1.0,4.999999995,586.44,0,One-Time / Occasional Shoppers
C30643,1,3,918.8700000000001,918.8700000000001,306.29,7.0,1,1,0,0,1,0,2024-06-11,2024-06-11,0,1.0,1.0,0.0,0.0,1.0,3.0,2.3333333325555556,918.8700000000001,0,One-Time / Occasional Shoppers
C30686,1,4,1614.32,1614.32,403.58,9.0,1,1,0,0,0,0,2025-06-13,2025-06-13,0,1.0,1.0,0.0,0.0,0.0,4.0,2.2499999994375,1614.32,0,One-Time / Occasional Shoppers
C30711,1,1,278.66,278.66,278.66,2.0,1,1,0,1,0,0,2024-01-20,2024-01-20,0,1.0,1.0,0.0,1.0,0.0,1.0,1.9999999979999998,278.66,0,One-Time / Occasional Shoppers
C30722,1,5,1333.9,1333.9,266.78,5.0,1,0,0,1,0,0,2023-09-27,2023-09-27,0,1.0,0.0,0.0,1.0,0.0,5.0,0.9999999998,1333.9,0,One-Time / Occasional Shoppers
C30923,1,1,654.27,654.27,654.27,2.0,1,1,0,0,0,0,2023-01-28,2023-01-28,0,1.0,1.0,0.0,0.0,0.0,1.0,1.9999999979999998,654.27,0,One-Time / Occasional Shoppers
C30955,1,4,167.6,167.6,41.9,9.0,1,1,0,0,0,0,2023-11-05,2023-11-05,0,1.0,1.0,0.0,0.0,0.0,4.0,2.2499999994375,167.6,0,One-Time / Occasional Shoppers
C31072,1,4,916.4,916.4,229.1,8.0,1,1,0,0,1,0,2024-04-16,2024-04-16,0,1.0,1.0,0.0,0.0,1.0,4.0,1.9999999995,916.4,0,One-Time / Occasional Shoppers
C31105,1,1,583.99,583.99,583.99,2.0,1,1,0,1,0,0,2023-05-11,2023-05-11,0,1.0,1.0,0.0,1.0,0.0,1.0,1.9999999979999998,583.99,0,One-Time / Occasional Shoppers
C31371,1,2,507.36,507.36,253.68,6.0,1,0,0,0,0,1,2023-12-08,2023-12-08,0,1.0,0.0,0.0,0.0,0.0,2.0,2.9999999985,507.36,0,One-Time / Occasional Shoppers
C31412,1,4,2042.32,2042.32,510.58,7.0,1,1,0,0,1,0,2024-07-02,2024-07-02,0,1.0,1.0,0.0,0.0,1.0,4.0,1.7499999995625,2042.32,0,One-Time / Occasional Shoppers
C31501,1,3,1764.15,1764.15,588.05,8.0,1,0,1,0,0,0,2025-06-27,2025-06-27,0,1.0,0.0,1.0,0.0,0.0,3.0,2.6666666657777776,1764.15,0,One-Time / Occasional Shoppers
C31668,1,5,569.35,569.35,113.87,6.0,1,1,0,0,0,0,2024-05-24,2024-05-24,0,1.0,1.0,0.0,0.0,0.0,5.0,1.19999999976,569.35,0,One-Time / Occasional Shoppers
C31761,1,4,2600.16,2600.16,650.04,6.0,1,1,0,1,0,0,2024-11-01,2024-11-01,0,1.0,1.0,0.0,1.0,0.0,4.0,1.499999999625,2600.16,0,One-Time / Occasional Shoppers
C31764,1,1,655.09,655.09,655.09,6.0,1,0,0,0,0,0,2024-12-06,2024-12-06,0,1.0,0.0,0.0,0.0,0.0,1.0,5.9999999939999995,655.09,0,One-Time / Occasional Shoppers
C31772,1,1,693.41,693.41,693.41,4.0,1,0,0,0,0,1,2023-07-11,2023-07-11,0,1.0,0.0,0.0,0.0,0.0,1.0,3.9999999959999997,693.41,0,One-Time / Occasional Shoppers
C31810,1,1,178.44,178.44,178.44,2.0,1,1,0,1,0,0,2023-02-02,2023-02-02,0,1.0,1.0,0.0,1.0,0.0,1.0,1.9999999979999998,178.44,0,One-Time / Occasional Shoppers
C31946,1,4,2037.52,2037.52,509.38,6.0,1,1,0,0,0,1,2023-11-21,2023-11-21,0,1.0,1.0,0.0,0.0,0.0,4.0,1.499999999625,2037.52,0,One-Time / Occasional Shoppers
C32011,1,1,628.89,628.89,628.89,2.0,1,1,0,0,1,0,2025-02-26,2025-02-26,0,1.0,1.0,0.0,0.0,1.0,1.0,1.9999999979999998,628.89,0,One-Time / Occasional Shoppers
C32029,1,4,701.44,701.44,175.36,4.0,1,1,1,0,0,0,2024-08-06,2024-08-06,0,1.0,1.0,1.0,0.0,0.0,4.0,0.99999999975,701.44,0,One-Time / Occasional Shoppers
C32121,1,4,795.24,795.24,198.81,9.0,1,1,0,0,1,0,2025-02-12,2025-02-12,0,1.0,1.0,0.0,0.0,1.0,4.0,2.2499999994375,795.24,0,One-Time / Occasional Shoppers
C32183,1,3,1985.67,1985.67,661.89,6.0,1,1,0,1,0,0,2025-02-24,2025-02-24,0,1.0,1.0,0.0,1.0,0.0,3.0,1.9999999993333333,1985.67,0,One-Time / Occasional Shoppers
C32347,1,1,249.81,249.81,249.81,1.0,1,1,0,0,0,0,2023-12-13,2023-12-13,0,1.0,1.0,0.0,0.0,0.0,1.0,0.9999999989999999,249.81,0,One-Time / Occasional Shoppers
C32570,1,1,11.39,11.39,11.39,6.0,1,1,0,1,0,0,2023-10-16,2023-10-16,0,1.0,1.0,0.0,1.0,0.0,1.0,5.9999999939999995,11.39,0,One-Time / Occasional Shoppers
C32580,1,5,1874.95,1874.95,374.99,9.0,1,1,0,0,0,1,2023-11-27,2023-11-27,0,1.0,1.0,0.0,0.0,0.0,5.0,1.79999999964,1874.95,0,One-Time / Occasional Shoppers
C32650,1,2,1210.52,1210.52,605.26,4.0,1,1,0,1,0,0,2024-05-27,2024-05-27,0,1.0,1.0,0.0,1.0,0.0,2.0,1.999999999,1210.52,0,One-Time / Occasional Shoppers
C32687,1,2,852.44,852.44,426.22,7.0,1,1,1,0,0,0,2024-12-16,2024-12-16,0,1.0,1.0,1.0,0.0,0.0,2.0,3.49999999825,852.44,0,One-Time / Occasional Shoppers
C32798,1,2,993.24,993.24,496.62,2.0,1,1,0,0,0,0,2024-09-15,2024-09-15,0,1.0,1.0,0.0,0.0,0.0,2.0,0.9999999995,993.24,0,One-Time / Occasional Shoppers
C32854,1,1,65.45,65.45,65.45,2.0,1,1,0,0,0,0,2023-02-20,2023-02-20,0,1.0,1.0,0.0,0.0,0.0,1.0,1.9999999979999998,65.45,0,One-Time / Occasional Shoppers
C32943,1,2,824.28,824.28,412.14,2.0,1,1,0,0,1,0,2023-09-08,2023-09-08,0,1.0,1.0,0.0,0.0,1.0,2.0,0.9999999995,824.28,0,One-Time / Occasional Shoppers
C32956,1,5,2715.8,2715.8,543.16,6.0,1,1,0,1,0,0,2024-07-24,2024-07-24,0,1.0,1.0,0.0,1.0,0.0,5.0,1.19999999976,2715.8,0,One-Time / Occasional Shoppers
C32960,1,5,2223.8,2223.8,444.76,7.0,1,0,0,0,1,0,2023-12-01,2023-12-01,0,1.0,0.0,0.0,0.0,1.0,5.0,1.3999999997199999,2223.8,0,One-Time / Occasional Shoppers
C33051,1,2,883.08,883.08,441.54,2.0,1,1,1,0,0,0,2024-04-23,2024-04-23,0,1.0,1.0,1.0,0.0,0.0,2.0,0.9999999995,883.08,0,One-Time / Occasional Shoppers
C33099,1,5,241.9,241.9,48.38,9.0,1,1,1,0,0,0,2024-12-28,2024-12-28,0,1.0,1.0,1.0,0.0,0.0,5.0,1.79999999964,241.9,0,One-Time / Occasional Shoppers
C33110,1,3,1584.42,1584.42,528.14,3.0,1,1,1,0,0,0,2025-05-31,2025-05-31,0,1.0,1.0,1.0,0.0,0.0,3.0,0.9999999996666666,1584.42,0,One-Time / Occasional Shoppers
C33220,1,4,1852.16,1852.16,463.04,9.0,1,0,0,0,1,0,2023-02-16,2023-02-16,0,1.0,0.0,0.0,0.0,1.0,4.0,2.2499999994375,1852.16,0,One-Time / Occasional Shoppers
C33260,1,3,1270.59,1270.59,423.53,6.0,1,1,1,0,0,0,2024-09-20,2024-09-20,0,1.0,1.0,1.0,0.0,0.0,3.0,1.9999999993333333,1270.59,0,One-Time / Occasional Shoppers
C33313,1,3,1738.65,1738.65,579.55,8.0,1,1,0,0,1,0,2025-04-29,2025-04-29,0,1.0,1.0,0.0,0.0,1.0,3.0,2.6666666657777776,1738.65,0,One-Time / Occasional Shoppers
C33315,1,3,1687.65,1687.65,562.55,6.0,1,0,0,0,1,0,2024-06-09,2024-06-09,0,1.0,0.0,0.0,0.0,1.0,3.0,1.9999999993333333,1687.65,0,One-Time / Occasional Shoppers
C33540,1,1,273.19,273.19,273.19,5.0,1,1,0,0,1,0,2023-10-15,2023-10-15,0,1.0,1.0,0.0,0.0,1.0,1.0,4.999999995,273.19,0,One-Time / Occasional Shoppers
C33634,1,4,2355.4,2355.4,588.85,7.0,1,0,0,0,0,0,2023-01-31,2023-01-31,0,1.0,0.0,0.0,0.0,0.0,4.0,1.7499999995625,2355.4,0,One-Time / Occasional Shoppers
C33729,1,3,1978.71,1978.71,659.57,6.0,1,1,0,1,0,0,2023-03-31,2023-03-31,0,1.0,1.0,0.0,1.0,0.0,3.0,1.9999999993333333,1978.71,0,One-Time / Occasional Shoppers
C33744,1,4,2307.48,2307.48,576.87,5.0,1,0,0,0,1,0,2023-05-09,2023-05-09,0,1.0,0.0,0.0,0.0,1.0,4.0,1.2499999996875,2307.48,0,One-Time / Occasional Shoppers
C33802,1,1,604.87,604.87,604.87,4.0,1,0,1,0,0,0,2024-07-28,2024-07-28,0,1.0,0.0,1.0,0.0,0.0,1.0,3.9999999959999997,604.87,0,One-Time / Occasional Shoppers
C34134,1,1,254.12,254.12,254.12,1.0,1,1,1,0,0,0,2025-04-06,2025-04-06,0,1.0,1.0,1.0,0.0,0.0,1.0,0.9999999989999999,254.12,0,One-Time / Occasional Shoppers
C34266,1,4,2519.52,2519.52,629.88,8.0,1,1,0,1,0,0,2025-02-25,2025-02-25,0,1.0,1.0,0.0,1.0,0.0,4.0,1.9999999995,2519.52,0,One-Time / Occasional Shoppers
C34337,1,5,950.5500000000001,950.5500000000001,190.11,7.0,1,1,1,0,0,0,2024-07-22,2024-07-22,0,1.0,1.0,1.0,0.0,0.0,5.0,1.3999999997199999,950.5500000000001,0,One-Time / Occasional Shoppers
C34416,1,2,99.24,99.24,49.62,2.0,1,1,0,0,0,0,2023-01-29,2023-01-29,0,1.0,1.0,0.0,0.0,0.0,2.0,0.9999999995,99.24,0,One-Time / Occasional Shoppers
C34555,1,1,372.8,372.8,372.8,6.0,1,1,0,1,0,0,2023-03-12,2023-03-12,0,1.0,1.0,0.0,1.0,0.0,1.0,5.9999999939999995,372.8,0,One-Time / Occasional Shoppers
C34686,1,1,68.39,68.39,68.39,3.0,1,1,0,0,1,0,2025-03-28,2025-03-28,0,1.0,1.0,0.0,0.0,1.0,1.0,2.9999999969999998,68.39,0,One-Time / Occasional Shoppers
C35043,1,5,132.15,132.15,26.43,5.0,1,1,0,0,0,1,2025-03-05,2025-03-05,0,1.0,1.0,0.0,0.0,0.0,5.0,0.9999999998,132.15,0,One-Time / Occasional Shoppers
C35091,1,1,211.14,211.14,211.14,1.0,1,1,0,1,0,0,2024-03-29,2024-03-29,0,1.0,1.0,0.0,1.0,0.0,1.0,0.9999999989999999,211.14,0,One-Time / Occasional Shoppers
C35100,1,2,639.82,639.82,319.91,3.0,1,1,0,1,0,0,2024-12-15,2024-12-15,0,1.0,1.0,0.0,1.0,0.0,2.0,1.49999999925,639.82,0,One-Time / Occasional Shoppers
C35117,1,2,1395.86,1395.86,697.93,2.0,1,1,0,1,0,0,2025-05-06,2025-05-06,0,1.0,1.0,0.0,1.0,0.0,2.0,0.9999999995,1395.86,0,One-Time / Occasional Shoppers
C35123,1,4,1546.92,1546.92,386.73,4.0,1,1,1,0,0,0,2024-06-13,2024-06-13,0,1.0,1.0,1.0,0.0,0.0,4.0,0.99999999975,1546.92,0,One-Time / Occasional Shoppers
C35136,1,1,634.94,634.94,634.94,5.0,1,1,0,1,0,0,2023-03-20,2023-03-20,0,1.0,1.0,0.0,1.0,0.0,1.0,4.999999995,634.94,0,One-Time / Occasional Shoppers
C35168,1,2,1199.72,1199.72,599.86,7.0,1,1,0,0,0,0,2023-01-24,2023-01-24,0,1.0,1.0,0.0,0.0,0.0,2.0,3.49999999825,1199.72,0,One-Time / Occasional Shoppers
C35355,1,4,1327.6,1327.6,331.9,5.0,1,1,0,0,0,0,2024-04-20,2024-04-20,0,1.0,1.0,0.0,0.0,0.0,4.0,1.2499999996875,1327.6,0,One-Time / Occasional Shoppers
C35377,1,5,3119.05,3119.05,623.81,6.0,1,1,0,0,1,0,2023-05-27,2023-05-27,0,1.0,1.0,0.0,0.0,1.0,5.0,1.19999999976,3119.05,0,One-Time / Occasional Shoppers
C35397,1,5,331.55,331.55,66.31,7.0,1,1,0,0,0,0,2025-05-24,2025-05-24,0,1.0,1.0,0.0,0.0,0.0,5.0,1.3999999997199999,331.55,0,One-Time / Occasional Shoppers
C35483,1,3,671.0999999999999,671.0999999999999,223.7,3.0,1,1,0,0,1,0,2024-08-31,2024-08-31,0,1.0,1.0,0.0,0.0,1.0,3.0,0.9999999996666666,671.0999999999999,0,One-Time / Occasional Shoppers
C35566,1,4,258.76,258.76,64.69,7.0,1,1,0,0,0,1,2023-02-14,2023-02-14,0,1.0,1.0,0.0,0.0,0.0,4.0,1.7499999995625,258.76,0,One-Time / Occasional Shoppers
C35628,1,3,1660.71,1660.71,553.57,4.0,1,1,0,0,1,0,2024-11-24,2024-11-24,0,1.0,1.0,0.0,0.0,1.0,3.0,1.3333333328888888,1660.71,0,One-Time / Occasional Shoppers
C35669,1,5,2894.15,2894.15,578.83,6.0,1,0,0,0,1,0,2024-06-21,2024-06-21,0,1.0,0.0,0.0,0.0,1.0,5.0,1.19999999976,2894.15,0,One-Time / Occasional Shoppers
C35711,1,4,1308.48,1308.48,327.12,4.0,1,0,0,1,0,0,2024-08-31,2024-08-31,0,1.0,0.0,0.0,1.0,0.0,4.0,0.99999999975,1308.48,0,One-Time / Occasional Shoppers
C35785,1,1,427.82,427.82,427.82,2.0,1,1,1,0,0,0,2024-04-07,2024-04-07,0,1.0,1.0,1.0,0.0,0.0,1.0,1.9999999979999998,427.82,0,One-Time / Occasional Shoppers
C35852,2,7,1248.39,624.195,203.72500000000002,5.5,2,1,0,0,0,0,2024-03-05,2025-03-02,362,0.005509641873278237,0.5,0.0,0.0,0.0,3.5,1.5714285709795919,624.195,1,Repeat / Higher-Value Shoppers
C35854,1,5,939.85,939.85,187.97,9.0,1,1,0,0,1,0,2023-08-29,2023-08-29,0,1.0,1.0,0.0,0.0,1.0,5.0,1.79999999964,939.85,0,One-Time / Occasional Shoppers
C35983,1,5,3137.15,3137.15,627.43,10.0,1,1,0,1,0,0,2024-03-10,2024-03-10,0,1.0,1.0,0.0,1.0,0.0,5.0,1.9999999996,3137.15,0,One-Time / Occasional Shoppers
C35987,1,5,3267.3,3267.3,653.46,9.0,1,1,0,1,0,0,2023-09-04,2023-09-04,0,1.0,1.0,0.0,1.0,0.0,5.0,1.79999999964,3267.3,0,One-Time / Occasional Shoppers
C36014,1,2,869.94,869.94,434.97,7.0,1,0,0,0,0,1,2023-06-11,2023-06-11,0,1.0,0.0,0.0,0.0,0.0,2.0,3.49999999825,869.94,0,One-Time / Occasional Shoppers
C36137,1,3,717.24,717.24,239.08,8.0,1,0,0,0,0,1,2024-11-24,2024-11-24,0,1.0,0.0,0.0,0.0,0.0,3.0,2.6666666657777776,717.24,0,One-Time / Occasional Shoppers
C36150,1,2,1069.82,1069.82,534.91,5.0,1,1,0,0,1,0,2023-10-06,2023-10-06,0,1.0,1.0,0.0,0.0,1.0,2.0,2.49999999875,1069.82,0,One-Time / Occasional Shoppers
C36174,1,3,926.94,926.94,308.98,3.0,1,1,1,0,0,0,2024-05-31,2024-05-31,0,1.0,1.0,1.0,0.0,0.0,3.0,0.9999999996666666,926.94,0,One-Time / Occasional Shoppers
C36383,1,5,2107.2,2107.2,421.44,5.0,1,1,0,0,0,0,2024-10-03,2024-10-03,0,1.0,1.0,0.0,0.0,0.0,5.0,0.9999999998,2107.2,0,One-Time / Occasional Shoppers
C36408,1,5,3075.5,3075.5,615.1,10.0,1,1,0,0,1,0,2024-01-15,2024-01-15,0,1.0,1.0,0.0,0.0,1.0,5.0,1.9999999996,3075.5,0,One-Time / Occasional Shoppers
C36467,1,1,75.78,75.78,75.78,5.0,1,1,0,0,0,0,2023-07-23,2023-07-23,0,1.0,1.0,0.0,0.0,0.0,1.0,4.999999995,75.78,0,One-Time / Occasional Shoppers
C36492,1,1,45.94,45.94,45.94,2.0,1,1,0,1,0,0,2024-08-30,2024-08-30,0,1.0,1.0,0.0,1.0,0.0,1.0,1.9999999979999998,45.94,0,One-Time / Occasional Shoppers
C36497,1,2,86.3,86.3,43.15,3.0,1,1,0,0,0,0,2023-08-22,2023-08-22,0,1.0,1.0,0.0,0.0,0.0,2.0,1.49999999925,86.3,0,One-Time / Occasional Shoppers
C36534,1,3,1963.62,1963.62,654.54,7.0,1,1,0,0,1,0,2023-11-11,2023-11-11,0,1.0,1.0,0.0,0.0,1.0,3.0,2.3333333325555556,1963.62,0,One-Time / Occasional Shoppers
C36540,1,4,728.32,728.32,182.08,4.0,1,1,1,0,0,0,2023-09-18,2023-09-18,0,1.0,1.0,1.0,0.0,0.0,4.0,0.99999999975,728.32,0,One-Time / Occasional Shoppers
C36613,1,3,1894.92,1894.92,631.64,3.0,1,1,0,0,1,0,2023-08-26,2023-08-26,0,1.0,1.0,0.0,0.0,1.0,3.0,0.9999999996666666,1894.92,0,One-Time / Occasional Shoppers
C36688,1,1,305.17,305.17,305.17,3.0,1,1,0,0,1,0,2023-04-21,2023-04-21,0,1.0,1.0,0.0,0.0,1.0,1.0,2.9999999969999998,305.17,0,One-Time / Occasional Shoppers
C36725,1,5,3253.6,3253.6,650.72,8.0,1,1,0,1,0,0,2024-10-27,2024-10-27,0,1.0,1.0,0.0,1.0,0.0,5.0,1.59999999968,3253.6,0,One-Time / Occasional Shoppers
C36778,1,1,388.33,388.33,388.33,2.0,1,1,0,0,1,0,2024-12-30,2024-12-30,0,1.0,1.0,0.0,0.0,1.0,1.0,1.9999999979999998,388.33,0,One-Time / Occasional Shoppers
C36813,1,3,1842.45,1842.45,614.15,3.0,1,0,0,1,0,0,2023-11-13,2023-11-13,0,1.0,0.0,0.0,1.0,0.0,3.0,0.9999999996666666,1842.45,0,One-Time / Occasional Shoppers
C36825,1,2,877.52,877.52,438.76,2.0,1,0,0,0,1,0,2023-02-27,2023-02-27,0,1.0,0.0,0.0,0.0,1.0,2.0,0.9999999995,877.52,0,One-Time / Occasional Shoppers
C36938,1,3,761.9399999999999,761.9399999999999,253.98,3.0,1,1,0,1,0,0,2025-02-06,2025-02-06,0,1.0,1.0,0.0,1.0,0.0,3.0,0.9999999996666666,761.9399999999999,0,One-Time / Occasional Shoppers
C36992,1,3,671.37,671.37,223.79,3.0,1,0,0,0,0,0,2023-07-14,2023-07-14,0,1.0,0.0,0.0,0.0,0.0,3.0,0.9999999996666666,671.37,0,One-Time / Occasional Shoppers
C36997,1,4,745.64,745.64,186.41,6.0,1,1,0,0,0,0,2023-09-08,2023-09-08,0,1.0,1.0,0.0,0.0,0.0,4.0,1.499999999625,745.64,0,One-Time / Occasional Shoppers
C37032,1,2,847.76,847.76,423.88,7.0,1,1,1,0,0,0,2023-08-11,2023-08-11,0,1.0,1.0,1.0,0.0,0.0,2.0,3.49999999825,847.76,0,One-Time / Occasional Shoppers
C37235,1,4,151.04,151.04,37.76,7.0,1,0,1,0,0,0,2023-06-02,2023-06-02,0,1.0,0.0,1.0,0.0,0.0,4.0,1.7499999995625,151.04,0,One-Time / Occasional Shoppers
C37249,1,2,491.72,491.72,245.86,4.0,1,1,0,0,0,1,2023-10-23,2023-10-23,0,1.0,1.0,0.0,0.0,0.0,2.0,1.999999999,491.72,0,One-Time / Occasional Shoppers
C37375,1,2,1036.46,1036.46,518.23,5.0,1,0,0,0,0,1,2024-01-18,2024-01-18,0,1.0,0.0,0.0,0.0,0.0,2.0,2.49999999875,1036.46,0,One-Time / Occasional Shoppers
C37412,1,1,432.47,432.47,432.47,4.0,1,1,1,0,0,0,2023-07-18,2023-07-18,0,1.0,1.0,1.0,0.0,0.0,1.0,3.9999999959999997,432.47,0,One-Time / Occasional Shoppers
C37454,1,3,1303.35,1303.35,434.45,4.0,1,0,0,0,0,0,2025-06-10,2025-06-10,0,1.0,0.0,0.0,0.0,0.0,3.0,1.3333333328888888,1303.35,0,One-Time / Occasional Shoppers
C37455,1,5,2380.05,2380.05,476.01,7.0,1,1,1,0,0,0,2023-10-22,2023-10-22,0,1.0,1.0,1.0,0.0,0.0,5.0,1.3999999997199999,2380.05,0,One-Time / Occasional Shoppers
C37531,1,5,1349.3,1349.3,269.86,6.0,1,1,0,0,0,1,2024-03-09,2024-03-09,0,1.0,1.0,0.0,0.0,0.0,5.0,1.19999999976,1349.3,0,One-Time / Occasional Shoppers
C37594,1,4,1361.2,1361.2,340.3,8.0,1,1,0,1,0,0,2024-06-11,2024-06-11,0,1.0,1.0,0.0,1.0,0.0,4.0,1.9999999995,1361.2,0,One-Time / Occasional Shoppers
C37969,1,3,362.46,362.46,120.82,5.0,1,1,0,0,0,1,2023-12-02,2023-12-02,0,1.0,1.0,0.0,0.0,0.0,3.0,1.6666666661111111,362.46,0,One-Time / Occasional Shoppers
C38024,1,2,546.86,546.86,273.43,7.0,1,1,0,0,0,1,2024-05-07,2024-05-07,0,1.0,1.0,0.0,0.0,0.0,2.0,3.49999999825,546.86,0,One-Time / Occasional Shoppers
C38065,1,3,1178.55,1178.55,392.85,6.0,1,0,0,0,1,0,2023-03-02,2023-03-02,0,1.0,0.0,0.0,0.0,1.0,3.0,1.9999999993333333,1178.55,0,One-Time / Occasional Shoppers
C38068,1,5,1302.65,1302.65,260.53,5.0,1,1,0,0,0,0,2024-06-02,2024-06-02,0,1.0,1.0,0.0,0.0,0.0,5.0,0.9999999998,1302.65,0,One-Time / Occasional Shoppers
C38126,1,4,2060.76,2060.76,515.19,9.0,1,1,0,0,0,0,2024-12-19,2024-12-19,0,1.0,1.0,0.0,0.0,0.0,4.0,2.2499999994375,2060.76,0,One-Time / Occasional Shoppers
C38134,1,2,419.88,419.88,209.94,3.0,1,1,0,0,1,0,2023-07-19,2023-07-19,0,1.0,1.0,0.0,0.0,1.0,2.0,1.49999999925,419.88,0,One-Time / Occasional Shoppers
C38262,1,1,155.27,155.27,155.27,6.0,1,0,0,0,0,1,2024-01-30,2024-01-30,0,1.0,0.0,0.0,0.0,0.0,1.0,5.9999999939999995,155.27,0,One-Time / Occasional Shoppers
C38557,1,3,1915.5,1915.5,638.5,4.0,1,1,0,1,0,0,2025-04-27,2025-04-27,0,1.0,1.0,0.0,1.0,0.0,3.0,1.3333333328888888,1915.5,0,One-Time / Occasional Shoppers
C38642,1,5,1046.0,1046.0,209.2,6.0,1,1,1,0,0,0,2023-08-21,2023-08-21,0,1.0,1.0,1.0,0.0,0.0,5.0,1.19999999976,1046.0,0,One-Time / Occasional Shoppers
C38669,1,4,405.28,405.28,101.32,7.0,1,0,0,0,0,0,2023-02-17,2023-02-17,0,1.0,0.0,0.0,0.0,0.0,4.0,1.7499999995625,405.28,0,One-Time / Occasional Shoppers
C38785,1,2,361.0,361.0,180.5,6.0,1,1,0,0,0,0,2024-10-15,2024-10-15,0,1.0,1.0,0.0,0.0,0.0,2.0,2.9999999985,361.0,0,One-Time / Occasional Shoppers
C38840,2,9,5723.23,2861.615,630.6300000000001,7.0,2,1,0,1,1,0,2023-06-07,2024-06-08,367,0.005434782608695652,0.5,0.0,0.5,0.5,4.5,1.5555555552098765,2861.615,1,Repeat / Higher-Value Shoppers
C38845,1,1,532.89,532.89,532.89,2.0,1,0,0,0,0,0,2024-07-16,2024-07-16,0,1.0,0.0,0.0,0.0,0.0,1.0,1.9999999979999998,532.89,0,One-Time / Occasional Shoppers
C38928,1,4,1671.56,1671.56,417.89,4.0,1,0,0,0,0,0,2024-09-14,2024-09-14,0,1.0,0.0,0.0,0.0,0.0,4.0,0.99999999975,1671.56,0,One-Time / Occasional Shoppers
C38966,1,5,2021.95,2021.95,404.39,10.0,1,0,0,0,0,1,2024-08-31,2024-08-31,0,1.0,0.0,0.0,0.0,0.0,5.0,1.9999999996,2021.95,0,One-Time / Occasional Shoppers
C39000,1,1,287.46,287.46,287.46,3.0,1,1,0,0,1,0,2024-09-02,2024-09-02,0,1.0,1.0,0.0,0.0,1.0,1.0,2.9999999969999998,287.46,0,One-Time / Occasional Shoppers
C39017,1,3,994.3799999999999,994.3799999999999,331.46,6.0,1,1,0,1,0,0,2023-07-12,2023-07-12,0,1.0,1.0,0.0,1.0,0.0,3.0,1.9999999993333333,994.3799999999999,0,One-Time / Occasional Shoppers
C39074,1,5,3032.6,3032.6,606.52,6.0,1,1,0,0,0,1,2023-10-25,2023-10-25,0,1.0,1.0,0.0,0.0,0.0,5.0,1.19999999976,3032.6,0,One-Time / Occasional Shoppers
C39106,1,1,546.19,546.19,546.19,5.0,1,1,0,0,0,0,2024-02-07,2024-02-07,0,1.0,1.0,0.0,0.0,0.0,1.0,4.999999995,546.19,0,One-Time / Occasional Shoppers
C39130,1,5,226.55,226.55,45.31,8.0,1,0,0,1,0,0,2023-08-23,2023-08-23,0,1.0,0.0,0.0,1.0,0.0,5.0,1.59999999968,226.55,0,One-Time / Occasional Shoppers
C39176,1,4,1737.68,1737.68,434.42,6.0,1,1,0,1,0,0,2023-03-14,2023-03-14,0,1.0,1.0,0.0,1.0,0.0,4.0,1.499999999625,1737.68,0,One-Time / Occasional Shoppers
C39246,1,5,931.4,931.4,186.28,8.0,1,1,1,0,0,0,2024-04-18,2024-04-18,0,1.0,1.0,1.0,0.0,0.0,5.0,1.59999999968,931.4,0,One-Time / Occasional Shoppers
C39256,1,1,417.1,417.1,417.1,3.0,1,1,0,0,1,0,2024-08-21,2024-08-21,0,1.0,1.0,0.0,0.0,1.0,1.0,2.9999999969999998,417.1,0,One-Time / Occasional Shoppers
C39260,1,2,427.66,427.66,213.83,2.0,1,1,0,1,0,0,2023-08-13,2023-08-13,0,1.0,1.0,0.0,1.0,0.0,2.0,0.9999999995,427.66,0,One-Time / Occasional Shoppers
C39416,1,1,473.96,473.96,473.96,3.0,1,0,1,0,0,0,2023-07-17,2023-07-17,0,1.0,0.0,1.0,0.0,0.0,1.0,2.9999999969999998,473.96,0,One-Time / Occasional Shoppers
C39530,1,3,1704.15,1704.15,568.05,6.0,1,1,0,0,0,0,2024-10-24,2024-10-24,0,1.0,1.0,0.0,0.0,0.0,3.0,1.9999999993333333,1704.15,0,One-Time / Occasional Shoppers
C39550,1,1,558.27,558.27,558.27,1.0,1,0,1,0,0,0,2025-05-14,2025-05-14,0,1.0,0.0,1.0,0.0,0.0,1.0,0.9999999989999999,558.27,0,One-Time / Occasional Shoppers
C39551,1,1,76.93,76.93,76.93,6.0,1,1,1,0,0,0,2023-02-05,2023-02-05,0,1.0,1.0,1.0,0.0,0.0,1.0,5.9999999939999995,76.93,0,One-Time / Occasional Shoppers
C39593,1,3,2078.13,2078.13,692.71,3.0,1,1,1,0,0,0,2023-11-24,2023-11-24,0,1.0,1.0,1.0,0.0,0.0,3.0,0.9999999996666666,2078.13,0,One-Time / Occasional Shoppers
C39638,1,4,2161.32,2161.32,540.33,6.0,1,0,0,0,0,1,2025-02-28,2025-02-28,0,1.0,0.0,0.0,0.0,0.0,4.0,1.499999999625,2161.32,0,One-Time / Occasional Shoppers
C39639,1,1,65.95,65.95,65.95,5.0,1,0,1,0,0,0,2025-01-15,2025-01-15,0,1.0,0.0,1.0,0.0,0.0,1.0,4.999999995,65.95,0,One-Time / Occasional Shoppers
C39648,1,1,465.33,465.33,465.33,2.0,1,1,1,0,0,0,2023-11-30,2023-11-30,0,1.0,1.0,1.0,0.0,0.0,1.0,1.9999999979999998,465.33,0,One-Time / Occasional Shoppers
C39664,1,5,946.25,946.25,189.25,10.0,1,1,0,1,0,0,2024-07-26,2024-07-26,0,1.0,1.0,0.0,1.0,0.0,5.0,1.9999999996,946.25,0,One-Time / Occasional Shoppers
C39671,1,1,217.56,217.56,217.56,3.0,1,0,1,0,0,0,2023-12-27,2023-12-27,0,1.0,0.0,1.0,0.0,0.0,1.0,2.9999999969999998,217.56,0,One-Time / Occasional Shoppers
C39791,1,2,597.06,597.06,298.53,5.0,1,1,0,1,0,0,2024-01-16,2024-01-16,0,1.0,1.0,0.0,1.0,0.0,2.0,2.49999999875,597.06,0,One-Time / Occasional Shoppers
C39906,1,1,75.01,75.01,75.01,3.0,1,0,0,0,1,0,2024-07-14,2024-07-14,0,1.0,0.0,0.0,0.0,1.0,1.0,2.9999999969999998,75.01,0,One-Time / Occasional Shoppers
C39911,1,4,2073.6,2073.6,518.4,7.0,1,1,1,0,0,0,2023-08-28,2023-08-28,0,1.0,1.0,1.0,0.0,0.0,4.0,1.7499999995625,2073.6,0,One-Time / Occasional Shoppers
C40136,1,3,1039.56,1039.56,346.52,3.0,1,1,0,0,0,0,2023-03-09,2023-03-09,0,1.0,1.0,0.0,0.0,0.0,3.0,0.9999999996666666,1039.56,0,One-Time / Occasional Shoppers
C40140,1,5,363.2,363.2,72.64,7.0,1,0,0,1,0,0,2024-02-21,2024-02-21,0,1.0,0.0,0.0,1.0,0.0,5.0,1.3999999997199999,363.2,0,One-Time / Occasional Shoppers
C40201,1,2,185.82,185.82,92.91,3.0,1,1,0,0,1,0,2024-09-25,2024-09-25,0,1.0,1.0,0.0,0.0,1.0,2.0,1.49999999925,185.82,0,One-Time / Occasional Shoppers
C40304,1,4,479.36,479.36,119.84,8.0,1,1,0,0,0,1,2025-06-01,2025-06-01,0,1.0,1.0,0.0,0.0,0.0,4.0,1.9999999995,479.36,0,One-Time / Occasional Shoppers
C40427,1,1,613.98,613.98,613.98,4.0,1,1,1,0,0,0,2023-08-20,2023-08-20,0,1.0,1.0,1.0,0.0,0.0,1.0,3.9999999959999997,613.98,0,One-Time / Occasional Shoppers
C40466,1,1,541.64,541.64,541.64,5.0,1,1,0,0,0,1,2024-09-04,2024-09-04,0,1.0,1.0,0.0,0.0,0.0,1.0,4.999999995,541.64,0,One-Time / Occasional Shoppers
C40538,1,2,423.64,423.64,211.82,4.0,1,1,0,1,0,0,2024-11-25,2024-11-25,0,1.0,1.0,0.0,1.0,0.0,2.0,1.999999999,423.64,0,One-Time / Occasional Shoppers
C40648,1,2,603.76,603.76,301.88,5.0,1,1,0,0,1,0,2023-03-09,2023-03-09,0,1.0,1.0,0.0,0.0,1.0,2.0,2.49999999875,603.76,0,One-Time / Occasional Shoppers
C40771,1,4,697.96,697.96,174.49,5.0,1,1,1,0,0,0,2024-12-14,2024-12-14,0,1.0,1.0,1.0,0.0,0.0,4.0,1.2499999996875,697.96,0,One-Time / Occasional Shoppers
C40798,1,3,1081.98,1081.98,360.66,5.0,1,1,0,0,1,0,2023-02-02,2023-02-02,0,1.0,1.0,0.0,0.0,1.0,3.0,1.6666666661111111,1081.98,0,One-Time / Occasional Shoppers
C40863,1,3,489.39,489.39,163.13,5.0,1,1,0,0,0,1,2024-11-24,2024-11-24,0,1.0,1.0,0.0,0.0,0.0,3.0,1.6666666661111111,489.39,0,One-Time / Occasional Shoppers
C40882,1,4,868.52,868.52,217.13,8.0,1,1,1,0,0,0,2025-01-24,2025-01-24,0,1.0,1.0,1.0,0.0,0.0,4.0,1.9999999995,868.52,0,One-Time / Occasional Shoppers
C40949,1,2,1105.26,1105.26,552.63,7.0,1,1,1,0,0,0,2024-08-31,2024-08-31,0,1.0,1.0,1.0,0.0,0.0,2.0,3.49999999825,1105.26,0,One-Time / Occasional Shoppers
C40967,1,5,287.25,287.25,57.45,10.0,1,0,0,1,0,0,2025-03-16,2025-03-16,0,1.0,0.0,0.0,1.0,0.0,5.0,1.9999999996,287.25,0,One-Time / Occasional Shoppers
C41132,1,1,381.61,381.61,381.61,5.0,1,0,0,0,0,0,2023-04-03,2023-04-03,0,1.0,0.0,0.0,0.0,0.0,1.0,4.999999995,381.61,0,One-Time / Occasional Shoppers
C41137,1,3,1347.39,1347.39,449.13,5.0,1,1,0,0,1,0,2025-01-27,2025-01-27,0,1.0,1.0,0.0,0.0,1.0,3.0,1.6666666661111111,1347.39,0,One-Time / Occasional Shoppers
C41284,1,4,737.92,737.92,184.48,4.0,1,1,0,1,0,0,2024-03-31,2024-03-31,0,1.0,1.0,0.0,1.0,0.0,4.0,0.99999999975,737.92,0,One-Time / Occasional Shoppers
C41320,1,3,1709.52,1709.52,569.84,8.0,1,1,0,1,0,0,2024-08-04,2024-08-04,0,1.0,1.0,0.0,1.0,0.0,3.0,2.6666666657777776,1709.52,0,One-Time / Occasional Shoppers
C41331,1,5,1203.05,1203.05,240.61,10.0,1,1,0,0,0,1,2023-05-25,2023-05-25,0,1.0,1.0,0.0,0.0,0.0,5.0,1.9999999996,1203.05,0,One-Time / Occasional Shoppers
C41460,1,5,747.75,747.75,149.55,9.0,1,1,0,0,0,1,2023-05-12,2023-05-12,0,1.0,1.0,0.0,0.0,0.0,5.0,1.79999999964,747.75,0,One-Time / Occasional Shoppers
C41478,1,4,2138.28,2138.28,534.57,6.0,1,1,1,0,0,0,2023-08-13,2023-08-13,0,1.0,1.0,1.0,0.0,0.0,4.0,1.499999999625,2138.28,0,One-Time / Occasional Shoppers
C41508,1,4,429.96,429.96,107.49,5.0,1,0,1,0,0,0,2024-06-25,2024-06-25,0,1.0,0.0,1.0,0.0,0.0,4.0,1.2499999996875,429.96,0,One-Time / Occasional Shoppers
C41598,1,3,1472.76,1472.76,490.92,5.0,1,1,0,0,0,0,2023-12-11,2023-12-11,0,1.0,1.0,0.0,0.0,0.0,3.0,1.6666666661111111,1472.76,0,One-Time / Occasional Shoppers
C41709,1,2,712.7,712.7,356.35,6.0,1,1,0,0,1,0,2023-06-16,2023-06-16,0,1.0,1.0,0.0,0.0,1.0,2.0,2.9999999985,712.7,0,One-Time / Occasional Shoppers
C41903,1,3,160.8,160.8,53.6,4.0,1,1,0,0,0,0,2023-10-09,2023-10-09,0,1.0,1.0,0.0,0.0,0.0,3.0,1.3333333328888888,160.8,0,One-Time / Occasional Shoppers
C41974,1,3,2099.79,2099.79,699.93,7.0,1,1,0,0,1,0,2024-11-30,2024-11-30,0,1.0,1.0,0.0,0.0,1.0,3.0,2.3333333325555556,2099.79,0,One-Time / Occasional Shoppers
C42108,1,2,641.36,641.36,320.68,5.0,1,1,0,0,0,1,2024-06-19,2024-06-19,0,1.0,1.0,0.0,0.0,0.0,2.0,2.49999999875,641.36,0,One-Time / Occasional Shoppers
C42235,1,4,1193.44,1193.44,298.36,8.0,1,1,0,0,0,0,2023-10-31,2023-10-31,0,1.0,1.0,0.0,0.0,0.0,4.0,1.9999999995,1193.44,0,One-Time / Occasional Shoppers
C42270,1,2,482.98,482.98,241.49,7.0,1,1,0,0,1,0,2024-04-24,2024-04-24,0,1.0,1.0,0.0,0.0,1.0,2.0,3.49999999825,482.98,0,One-Time / Occasional Shoppers
C42306,1,3,612.8100000000001,612.8100000000001,204.27,4.0,1,0,0,0,1,0,2024-04-23,2024-04-23,0,1.0,0.0,0.0,0.0,1.0,3.0,1.3333333328888888,612.8100000000001,0,One-Time / Occasional Shoppers
C42365,1,1,214.08,214.08,214.08,2.0,1,1,0,0,1,0,2024-11-23,2024-11-23,0,1.0,1.0,0.0,0.0,1.0,1.0,1.9999999979999998,214.08,0,One-Time / Occasional Shoppers
C42372,1,4,1093.0,1093.0,273.25,5.0,1,1,0,1,0,0,2025-04-09,2025-04-09,0,1.0,1.0,0.0,1.0,0.0,4.0,1.2499999996875,1093.0,0,One-Time / Occasional Shoppers
C42451,1,5,665.05,665.05,133.01,10.0,1,0,0,0,1,0,2025-04-11,2025-04-11,0,1.0,0.0,0.0,0.0,1.0,5.0,1.9999999996,665.05,0,One-Time / Occasional Shoppers
C42577,1,1,399.98,399.98,399.98,3.0,1,1,1,0,0,0,2024-07-24,2024-07-24,0,1.0,1.0,1.0,0.0,0.0,1.0,2.9999999969999998,399.98,0,One-Time / Occasional Shoppers
C42949,1,1,660.66,660.66,660.66,3.0,1,1,1,0,0,0,2023-11-29,2023-11-29,0,1.0,1.0,1.0,0.0,0.0,1.0,2.9999999969999998,660.66,0,One-Time / Occasional Shoppers
C43124,1,4,2773.44,2773.44,693.36,8.0,1,0,0,0,0,1,2023-05-04,2023-05-04,0,1.0,0.0,0.0,0.0,0.0,4.0,1.9999999995,2773.44,0,One-Time / Occasional Shoppers
C43212,1,4,2200.56,2200.56,550.14,4.0,1,1,0,0,0,0,2024-06-26,2024-06-26,0,1.0,1.0,0.0,0.0,0.0,4.0,0.99999999975,2200.56,0,One-Time / Occasional Shoppers
C43249,1,3,1391.43,1391.43,463.81,8.0,1,1,0,0,1,0,2025-03-08,2025-03-08,0,1.0,1.0,0.0,0.0,1.0,3.0,2.6666666657777776,1391.43,0,One-Time / Occasional Shoppers
C43330,1,3,580.47,580.47,193.49,6.0,1,1,0,0,1,0,2023-12-27,2023-12-27,0,1.0,1.0,0.0,0.0,1.0,3.0,1.9999999993333333,580.47,0,One-Time / Occasional Shoppers
C43335,1,2,548.24,548.24,274.12,6.0,1,1,1,0,0,0,2025-06-28,2025-06-28,0,1.0,1.0,1.0,0.0,0.0,2.0,2.9999999985,548.24,0,One-Time / Occasional Shoppers
C43338,1,3,1435.95,1435.95,478.65,4.0,1,0,0,0,0,1,2023-05-11,2023-05-11,0,1.0,0.0,0.0,0.0,0.0,3.0,1.3333333328888888,1435.95,0,One-Time / Occasional Shoppers
C43443,1,5,3129.85,3129.85,625.97,9.0,1,1,0,0,1,0,2023-12-29,2023-12-29,0,1.0,1.0,0.0,0.0,1.0,5.0,1.79999999964,3129.85,0,One-Time / Occasional Shoppers
C43524,1,5,2621.3,2621.3,524.26,5.0,1,1,1,0,0,0,2024-01-10,2024-01-10,0,1.0,1.0,1.0,0.0,0.0,5.0,0.9999999998,2621.3,0,One-Time / Occasional Shoppers
C43538,1,3,1290.18,1290.18,430.06,8.0,1,1,0,1,0,0,2025-05-13,2025-05-13,0,1.0,1.0,0.0,1.0,0.0,3.0,2.6666666657777776,1290.18,0,One-Time / Occasional Shoppers
C43545,1,5,1876.25,1876.25,375.25,9.0,1,1,0,0,0,0,2024-12-22,2024-12-22,0,1.0,1.0,0.0,0.0,0.0,5.0,1.79999999964,1876.25,0,One-Time / Occasional Shoppers
C43546,1,3,485.91,485.91,161.97,4.0,1,1,0,0,0,0,2025-06-08,2025-06-08,0,1.0,1.0,0.0,0.0,0.0,3.0,1.3333333328888888,485.91,0,One-Time / Occasional Shoppers
C43595,1,5,2807.4,2807.4,561.48,9.0,1,1,1,0,0,0,2025-05-13,2025-05-13,0,1.0,1.0,1.0,0.0,0.0,5.0,1.79999999964,2807.4,0,One-Time / Occasional Shoppers
C43721,1,1,131.61,131.61,131.61,2.0,1,1,0,0,0,1,2023-02-06,2023-02-06,0,1.0,1.0,0.0,0.0,0.0,1.0,1.9999999979999998,131.61,0,One-Time / Occasional Shoppers
C43842,1,2,1303.14,1303.14,651.57,7.0,1,1,0,0,0,1,2024-10-19,2024-10-19,0,1.0,1.0,0.0,0.0,0.0,2.0,3.49999999825,1303.14,0,One-Time / Occasional Shoppers
C43867,1,1,524.06,524.06,524.06,3.0,1,1,0,0,0,0,2024-07-25,2024-07-25,0,1.0,1.0,0.0,0.0,0.0,1.0,2.9999999969999998,524.06,0,One-Time / Occasional Shoppers
C43911,1,4,1674.84,1674.84,418.71,8.0,1,1,0,0,0,0,2023-06-11,2023-06-11,0,1.0,1.0,0.0,0.0,0.0,4.0,1.9999999995,1674.84,0,One-Time / Occasional Shoppers
C43919,1,3,1804.8,1804.8,601.6,7.0,1,1,0,1,0,0,2024-10-17,2024-10-17,0,1.0,1.0,0.0,1.0,0.0,3.0,2.3333333325555556,1804.8,0,One-Time / Occasional Shoppers
C43965,1,2,359.92,359.92,179.96,5.0,1,0,0,0,0,1,2025-01-11,2025-01-11,0,1.0,0.0,0.0,0.0,0.0,2.0,2.49999999875,359.92,0,One-Time / Occasional Shoppers
C44148,1,4,1505.72,1505.72,376.43,5.0,1,1,0,0,0,0,2025-02-10,2025-02-10,0,1.0,1.0,0.0,0.0,0.0,4.0,1.2499999996875,1505.72,0,One-Time / Occasional Shoppers
C44176,1,1,77.64,77.64,77.64,1.0,1,1,0,0,0,1,2025-02-28,2025-02-28,0,1.0,1.0,0.0,0.0,0.0,1.0,0.9999999989999999,77.64,0,One-Time / Occasional Shoppers
C44267,1,2,853.4,853.4,426.7,5.0,1,1,0,0,0,0,2025-03-22,2025-03-22,0,1.0,1.0,0.0,0.0,0.0,2.0,2.49999999875,853.4,0,One-Time / Occasional Shoppers
C44277,1,1,458.63,458.63,458.63,4.0,1,1,0,0,1,0,2024-04-28,2024-04-28,0,1.0,1.0,0.0,0.0,1.0,1.0,3.9999999959999997,458.63,0,One-Time / Occasional Shoppers
C44366,1,2,776.44,776.44,388.22,2.0,1,1,1,0,0,0,2023-01-04,2023-01-04,0,1.0,1.0,1.0,0.0,0.0,2.0,0.9999999995,776.44,0,One-Time / Occasional Shoppers
C44492,1,5,277.05,277.05,55.41,5.0,1,0,0,1,0,0,2023-10-24,2023-10-24,0,1.0,0.0,0.0,1.0,0.0,5.0,0.9999999998,277.05,0,One-Time / Occasional Shoppers
C44619,1,3,475.11,475.11,158.37,6.0,1,0,0,0,0,1,2025-03-05,2025-03-05,0,1.0,0.0,0.0,0.0,0.0,3.0,1.9999999993333333,475.11,0,One-Time / Occasional Shoppers
C44674,1,1,627.34,627.34,627.34,1.0,1,0,1,0,0,0,2024-11-11,2024-11-11,0,1.0,0.0,1.0,0.0,0.0,1.0,0.9999999989999999,627.34,0,One-Time / Occasional Shoppers
C44733,1,1,87.06,87.06,87.06,4.0,1,1,0,0,0,1,2025-03-01,2025-03-01,0,1.0,1.0,0.0,0.0,0.0,1.0,3.9999999959999997,87.06,0,One-Time / Occasional Shoppers
C44778,1,1,153.0,153.0,153.0,4.0,1,0,0,0,1,0,2023-10-25,2023-10-25,0,1.0,0.0,0.0,0.0,1.0,1.0,3.9999999959999997,153.0,0,One-Time / Occasional Shoppers
C45104,1,1,687.89,687.89,687.89,1.0,1,1,0,0,1,0,2025-06-16,2025-06-16,0,1.0,1.0,0.0,0.0,1.0,1.0,0.9999999989999999,687.89,0,One-Time / Occasional Shoppers
C45175,1,1,70.82,70.82,70.82,1.0,1,1,0,0,0,0,2023-01-08,2023-01-08,0,1.0,1.0,0.0,0.0,0.0,1.0,0.9999999989999999,70.82,0,One-Time / Occasional Shoppers
C45187,1,5,420.65,420.65,84.13,9.0,1,1,1,0,0,0,2023-06-28,2023-06-28,0,1.0,1.0,1.0,0.0,0.0,5.0,1.79999999964,420.65,0,One-Time / Occasional Shoppers
C45482,1,2,198.2,198.2,99.1,6.0,1,0,1,0,0,0,2023-03-09,2023-03-09,0,1.0,0.0,1.0,0.0,0.0,2.0,2.9999999985,198.2,0,One-Time / Occasional Shoppers
C45599,1,5,2379.75,2379.75,475.95,8.0,1,1,0,0,1,0,2023-02-16,2023-02-16,0,1.0,1.0,0.0,0.0,1.0,5.0,1.59999999968,2379.75,0,One-Time / Occasional Shoppers
C45671,1,2,1314.96,1314.96,657.48,5.0,1,1,0,0,0,1,2024-03-01,2024-03-01,0,1.0,1.0,0.0,0.0,0.0,2.0,2.49999999875,1314.96,0,One-Time / Occasional Shoppers
C45862,1,1,176.1,176.1,176.1,1.0,1,1,0,0,0,0,2023-07-29,2023-07-29,0,1.0,1.0,0.0,0.0,0.0,1.0,0.9999999989999999,176.1,0,One-Time / Occasional Shoppers
C45899,1,2,1285.96,1285.96,642.98,7.0,1,1,0,0,1,0,2023-12-23,2023-12-23,0,1.0,1.0,0.0,0.0,1.0,2.0,3.49999999825,1285.96,0,One-Time / Occasional Shoppers
C46015,1,5,1812.3,1812.3,362.46,6.0,1,1,1,0,0,0,2024-11-18,2024-11-18,0,1.0,1.0,1.0,0.0,0.0,5.0,1.19999999976,1812.3,0,One-Time / Occasional Shoppers
C46210,1,3,1286.64,1286.64,428.88,3.0,1,1,0,0,0,1,2024-09-24,2024-09-24,0,1.0,1.0,0.0,0.0,0.0,3.0,0.9999999996666666,1286.64,0,One-Time / Occasional Shoppers
C46316,1,2,930.36,930.36,465.18,2.0,1,1,0,1,0,0,2025-05-06,2025-05-06,0,1.0,1.0,0.0,1.0,0.0,2.0,0.9999999995,930.36,0,One-Time / Occasional Shoppers
C46504,1,2,745.84,745.84,372.92,7.0,1,1,1,0,0,0,2023-02-21,2023-02-21,0,1.0,1.0,1.0,0.0,0.0,2.0,3.49999999825,745.84,0,One-Time / Occasional Shoppers
C46509,1,2,1174.98,1174.98,587.49,6.0,1,1,0,0,1,0,2024-02-27,2024-02-27,0,1.0,1.0,0.0,0.0,1.0,2.0,2.9999999985,1174.98,0,One-Time / Occasional Shoppers
C46557,1,2,237.18,237.18,118.59,2.0,1,0,1,0,0,0,2024-03-18,2024-03-18,0,1.0,0.0,1.0,0.0,0.0,2.0,0.9999999995,237.18,0,One-Time / Occasional Shoppers
C46651,2,5,1360.8899999999999,680.4449999999999,239.025,5.0,2,2,0,0,0,1,2023-08-01,2024-03-20,232,0.008583690987124463,1.0,0.0,0.0,0.0,2.5,1.9999999992,680.4449999999999,1,Repeat / Higher-Value Shoppers
C46873,1,4,1965.16,1965.16,491.29,6.0,1,0,0,0,0,0,2024-09-06,2024-09-06,0,1.0,0.0,0.0,0.0,0.0,4.0,1.499999999625,1965.16,0,One-Time / Occasional Shoppers
C46877,1,1,210.7,210.7,210.7,2.0,1,1,0,0,0,1,2025-02-02,2025-02-02,0,1.0,1.0,0.0,0.0,0.0,1.0,1.9999999979999998,210.7,0,One-Time / Occasional Shoppers
C46886,1,3,1849.17,1849.17,616.39,6.0,1,1,0,0,0,1,2025-06-08,2025-06-08,0,1.0,1.0,0.0,0.0,0.0,3.0,1.9999999993333333,1849.17,0,One-Time / Occasional Shoppers
C46920,1,2,1362.12,1362.12,681.06,3.0,1,1,0,0,0,1,2024-01-21,2024-01-21,0,1.0,1.0,0.0,0.0,0.0,2.0,1.49999999925,1362.12,0,One-Time / Occasional Shoppers
C46967,1,2,1026.84,1026.84,513.42,5.0,1,1,0,0,0,0,2023-12-23,2023-12-23,0,1.0,1.0,0.0,0.0,0.0,2.0,2.49999999875,1026.84,0,One-Time / Occasional Shoppers
C47022,1,3,500.97,500.97,166.99,8.0,1,0,0,0,1,0,2024-04-07,2024-04-07,0,1.0,0.0,0.0,0.0,1.0,3.0,2.6666666657777776,500.97,0,One-Time / Occasional Shoppers
C47086,1,4,609.16,609.16,152.29,6.0,1,1,0,1,0,0,2023-08-09,2023-08-09,0,1.0,1.0,0.0,1.0,0.0,4.0,1.499999999625,609.16,0,One-Time / Occasional Shoppers
C47283,1,1,263.96,263.96,263.96,2.0,1,1,0,0,1,0,2024-05-13,2024-05-13,0,1.0,1.0,0.0,0.0,1.0,1.0,1.9999999979999998,263.96,0,One-Time / Occasional Shoppers
C47284,1,3,893.01,893.01,297.67,6.0,1,0,0,0,0,1,2024-09-21,2024-09-21,0,1.0,0.0,0.0,0.0,0.0,3.0,1.9999999993333333,893.01,0,One-Time / Occasional Shoppers
C47307,1,2,1202.86,1202.86,601.43,5.0,1,1,0,0,0,0,2023-11-02,2023-11-02,0,1.0,1.0,0.0,0.0,0.0,2.0,2.49999999875,1202.86,0,One-Time / Occasional Shoppers
C47365,1,2,82.0,82.0,41.0,7.0,1,0,1,0,0,0,2025-05-03,2025-05-03,0,1.0,0.0,1.0,0.0,0.0,2.0,3.49999999825,82.0,0,One-Time / Occasional Shoppers
C47486,1,1,320.92,320.92,320.92,5.0,1,1,0,0,1,0,2024-12-04,2024-12-04,0,1.0,1.0,0.0,0.0,1.0,1.0,4.999999995,320.92,0,One-Time / Occasional Shoppers
C47761,1,4,1165.4,1165.4,291.35,6.0,1,1,0,1,0,0,2023-03-19,2023-03-19,0,1.0,1.0,0.0,1.0,0.0,4.0,1.499999999625,1165.4,0,One-Time / Occasional Shoppers
C47778,1,5,3334.0,3334.0,666.8,7.0,1,1,1,0,0,0,2023-10-30,2023-10-30,0,1.0,1.0,1.0,0.0,0.0,5.0,1.3999999997199999,3334.0,0,One-Time / Occasional Shoppers
C47823,1,2,956.72,956.72,478.36,3.0,1,0,0,0,0,1,2024-12-03,2024-12-03,0,1.0,0.0,0.0,0.0,0.0,2.0,1.49999999925,956.72,0,One-Time / Occasional Shoppers
C48120,1,1,280.25,280.25,280.25,5.0,1,1,0,0,0,0,2025-03-27,2025-03-27,0,1.0,1.0,0.0,0.0,0.0,1.0,4.999999995,280.25,0,One-Time / Occasional Shoppers
C48176,1,4,1736.92,1736.92,434.23,8.0,1,1,0,0,0,1,2024-11-18,2024-11-18,0,1.0,1.0,0.0,0.0,0.0,4.0,1.9999999995,1736.92,0,One-Time / Occasional Shoppers
C48207,1,2,833.62,833.62,416.81,2.0,1,0,0,0,1,0,2024-04-07,2024-04-07,0,1.0,0.0,0.0,0.0,1.0,2.0,0.9999999995,833.62,0,One-Time / Occasional Shoppers
C48453,1,5,3194.0,3194.0,638.8,10.0,1,1,0,1,0,0,2024-06-19,2024-06-19,0,1.0,1.0,0.0,1.0,0.0,5.0,1.9999999996,3194.0,0,One-Time / Occasional Shoppers
C48510,1,2,1042.8,1042.8,521.4,7.0,1,1,1,0,0,0,2025-04-16,2025-04-16,0,1.0,1.0,1.0,0.0,0.0,2.0,3.49999999825,1042.8,0,One-Time / Occasional Shoppers
C48531,1,1,30.54,30.54,30.54,1.0,1,0,0,0,1,0,2024-12-07,2024-12-07,0,1.0,0.0,0.0,0.0,1.0,1.0,0.9999999989999999,30.54,0,One-Time / Occasional Shoppers
C48577,1,4,1640.84,1640.84,410.21,5.0,1,1,0,0,0,0,2024-07-29,2024-07-29,0,1.0,1.0,0.0,0.0,0.0,4.0,1.2499999996875,1640.84,0,One-Time / Occasional Shoppers
C48601,1,1,414.47,414.47,414.47,3.0,1,1,0,0,1,0,2023-05-27,2023-05-27,0,1.0,1.0,0.0,0.0,1.0,1.0,2.9999999969999998,414.47,0,One-Time / Occasional Shoppers
C48646,1,5,1159.1,1159.1,231.82,6.0,1,1,1,0,0,0,2024-06-14,2024-06-14,0,1.0,1.0,1.0,0.0,0.0,5.0,1.19999999976,1159.1,0,One-Time / Occasional Shoppers
C48649,1,3,204.36,204.36,68.12,3.0,1,1,0,1,0,0,2024-07-24,2024-07-24,0,1.0,1.0,0.0,1.0,0.0,3.0,0.9999999996666666,204.36,0,One-Time / Occasional Shoppers
C48713,1,5,159.8,159.8,31.96,5.0,1,1,0,0,1,0,2024-03-10,2024-03-10,0,1.0,1.0,0.0,0.0,1.0,5.0,0.9999999998,159.8,0,One-Time / Occasional Shoppers
C48790,1,5,107.7,107.7,21.54,10.0,1,0,0,0,1,0,2024-07-22,2024-07-22,0,1.0,0.0,0.0,0.0,1.0,5.0,1.9999999996,107.7,0,One-Time / Occasional Shoppers
C48846,1,2,904.1,904.1,452.05,3.0,1,1,0,0,1,0,2025-05-31,2025-05-31,0,1.0,1.0,0.0,0.0,1.0,2.0,1.49999999925,904.1,0,One-Time / Occasional Shoppers
C48939,1,5,2147.25,2147.25,429.45,5.0,1,1,0,1,0,0,2023-07-05,2023-07-05,0,1.0,1.0,0.0,1.0,0.0,5.0,0.9999999998,2147.25,0,One-Time / Occasional Shoppers
C48942,1,4,2654.68,2654.68,663.67,7.0,1,1,0,0,0,0,2023-11-25,2023-11-25,0,1.0,1.0,0.0,0.0,0.0,4.0,1.7499999995625,2654.68,0,One-Time / Occasional Shoppers
C48946,1,5,309.85,309.85,61.97,6.0,1,1,1,0,0,0,2025-05-02,2025-05-02,0,1.0,1.0,1.0,0.0,0.0,5.0,1.19999999976,309.85,0,One-Time / Occasional Shoppers
C48965,1,1,299.35,299.35,299.35,5.0,1,1,0,1,0,0,2023-10-31,2023-10-31,0,1.0,1.0,0.0,1.0,0.0,1.0,4.999999995,299.35,0,One-Time / Occasional Shoppers
C49009,1,5,537.4,537.4,107.48,9.0,1,1,0,1,0,0,2023-01-25,2023-01-25,0,1.0,1.0,0.0,1.0,0.0,5.0,1.79999999964,537.4,0,One-Time / Occasional Shoppers
C49111,1,3,1510.17,1510.17,503.39,5.0,1,0,0,0,0,0,2025-02-27,2025-02-27,0,1.0,0.0,0.0,0.0,0.0,3.0,1.6666666661111111,1510.17,0,One-Time / Occasional Shoppers
C49137,1,2,598.46,598.46,299.23,2.0,1,1,0,1,0,0,2025-06-28,2025-06-28,0,1.0,1.0,0.0,1.0,0.0,2.0,0.9999999995,598.46,0,One-Time / Occasional Shoppers
C49187,1,1,535.5,535.5,535.5,5.0,1,1,0,1,0,0,2023-03-08,2023-03-08,0,1.0,1.0,0.0,1.0,0.0,1.0,4.999999995,535.5,0,One-Time / Occasional Shoppers
C49198,1,3,1940.37,1940.37,646.79,5.0,1,1,0,1,0,0,2023-08-17,2023-08-17,0,1.0,1.0,0.0,1.0,0.0,3.0,1.6666666661111111,1940.37,0,One-Time / Occasional Shoppers
C49282,1,5,253.7,253.7,50.74,7.0,1,1,0,1,0,0,2023-06-15,2023-06-15,0,1.0,1.0,0.0,1.0,0.0,5.0,1.3999999997199999,253.7,0,One-Time / Occasional Shoppers
C49491,1,5,114.7,114.7,22.94,10.0,1,0,0,0,0,0,2023-04-12,2023-04-12,0,1.0,0.0,0.0,0.0,0.0,5.0,1.9999999996,114.7,0,One-Time / Occasional Shoppers
C49517,1,1,594.96,594.96,594.96,6.0,1,0,0,0,1,0,2025-01-04,2025-01-04,0,1.0,0.0,0.0,0.0,1.0,1.0,5.9999999939999995,594.96,0,One-Time / Occasional Shoppers
C49605,1,2,457.82,457.82,228.91,4.0,1,1,0,0,0,1,2024-05-10,2024-05-10,0,1.0,1.0,0.0,0.0,0.0,2.0,1.999999999,457.82,0,One-Time / Occasional Shoppers
C49710,1,4,1637.12,1637.12,409.28,8.0,1,0,0,0,0,0,2024-01-13,2024-01-13,0,1.0,0.0,0.0,0.0,0.0,4.0,1.9999999995,1637.12,0,One-Time / Occasional Shoppers
C49720,1,3,391.83,391.83,130.61,4.0,1,1,0,1,0,0,2025-06-25,2025-06-25,0,1.0,1.0,0.0,1.0,0.0,3.0,1.3333333328888888,391.83,0,One-Time / Occasional Shoppers
C49726,1,1,17.98,17.98,17.98,6.0,1,1,0,1,0,0,2023-11-14,2023-11-14,0,1.0,1.0,0.0,1.0,0.0,1.0,5.9999999939999995,17.98,0,One-Time / Occasional Shoppers
C49831,1,3,1474.29,1474.29,491.43,6.0,1,1,0,0,0,1,2023-11-30,2023-11-30,0,1.0,1.0,0.0,0.0,0.0,3.0,1.9999999993333333,1474.29,0,One-Time / Occasional Shoppers
C49838,1,2,1105.66,1105.66,552.83,3.0,1,0,0,1,0,0,2024-06-24,2024-06-24,0,1.0,0.0,0.0,1.0,0.0,2.0,1.49999999925,1105.66,0,One-Time / Occasional Shoppers
C49938,1,1,62.12,62.12,62.12,2.0,1,0,0,0,1,0,2024-09-03,2024-09-03,0,1.0,0.0,0.0,0.0,1.0,1.0,1.9999999979999998,62.12,0,One-Time / Occasional Shoppers
C49995,1,4,984.44,984.44,246.11,4.0,1,1,0,0,0,0,2023-03-23,2023-03-23,0,1.0,1.0,0.0,0.0,0.0,4.0,0.99999999975,984.44,0,One-Time / Occasional Shoppers
C50087,1,3,366.33,366.33,122.11,4.0,1,1,1,0,0,0,2023-10-16,2023-10-16,0,1.0,1.0,1.0,0.0,0.0,3.0,1.3333333328888888,366.33,0,One-Time / Occasional Shoppers
C50097,1,5,2339.05,2339.05,467.81,10.0,1,0,0,1,0,0,2024-07-22,2024-07-22,0,1.0,0.0,0.0,1.0,0.0,5.0,1.9999999996,2339.05,0,One-Time / Occasional Shoppers
C50114,1,2,98.16,98.16,49.08,7.0,1,1,0,0,1,0,2025-03-30,2025-03-30,0,1.0,1.0,0.0,0.0,1.0,2.0,3.49999999825,98.16,0,One-Time / Occasional Shoppers
C50121,1,1,583.18,583.18,583.18,5.0,1,0,0,0,1,0,2024-05-24,2024-05-24,0,1.0,0.0,0.0,0.0,1.0,1.0,4.999999995,583.18,0,One-Time / Occasional Shoppers
C50137,1,3,59.19,59.19,19.73,3.0,1,0,0,0,0,0,2023-07-07,2023-07-07,0,1.0,0.0,0.0,0.0,0.0,3.0,0.9999999996666666,59.19,0,One-Time / Occasional Shoppers
C50159,1,3,667.02,667.02,222.34,5.0,1,1,0,0,1,0,2023-11-27,2023-11-27,0,1.0,1.0,0.0,0.0,1.0,3.0,1.6666666661111111,667.02,0,One-Time / Occasional Shoppers
C50211,1,2,53.0,53.0,26.5,3.0,1,1,1,0,0,0,2024-04-22,2024-04-22,0,1.0,1.0,1.0,0.0,0.0,2.0,1.49999999925,53.0,0,One-Time / Occasional Shoppers
C50236,1,4,2463.32,2463.32,615.83,4.0,1,1,0,0,1,0,2025-05-25,2025-05-25,0,1.0,1.0,0.0,0.0,1.0,4.0,0.99999999975,2463.32,0,One-Time / Occasional Shoppers
C50274,1,3,1528.26,1528.26,509.42,5.0,1,1,0,1,0,0,2023-07-23,2023-07-23,0,1.0,1.0,0.0,1.0,0.0,3.0,1.6666666661111111,1528.26,0,One-Time / Occasional Shoppers
C50275,1,5,269.65,269.65,53.93,7.0,1,1,0,0,0,1,2024-09-04,2024-09-04,0,1.0,1.0,0.0,0.0,0.0,5.0,1.3999999997199999,269.65,0,One-Time / Occasional Shoppers
C50304,1,2,930.3,930.3,465.15,2.0,1,1,0,0,0,1,2024-12-07,2024-12-07,0,1.0,1.0,0.0,0.0,0.0,2.0,0.9999999995,930.3,0,One-Time / Occasional Shoppers
C50415,1,5,2830.35,2830.35,566.07,6.0,1,1,1,0,0,0,2024-10-10,2024-10-10,0,1.0,1.0,1.0,0.0,0.0,5.0,1.19999999976,2830.35,0,One-Time / Occasional Shoppers
C50422,1,2,1129.16,1129.16,564.58,4.0,1,1,0,0,1,0,2025-02-21,2025-02-21,0,1.0,1.0,0.0,0.0,1.0,2.0,1.999999999,1129.16,0,One-Time / Occasional Shoppers
C50565,1,1,411.34,411.34,411.34,5.0,1,0,0,0,1,0,2024-09-03,2024-09-03,0,1.0,0.0,0.0,0.0,1.0,1.0,4.999999995,411.34,0,One-Time / Occasional Shoppers
C50612,1,4,226.64,226.64,56.66,4.0,1,1,1,0,0,0,2024-01-12,2024-01-12,0,1.0,1.0,1.0,0.0,0.0,4.0,0.99999999975,226.64,0,One-Time / Occasional Shoppers
C50682,1,2,501.96,501.96,250.98,5.0,1,0,1,0,0,0,2024-11-26,2024-11-26,0,1.0,0.0,1.0,0.0,0.0,2.0,2.49999999875,501.96,0,One-Time / Occasional Shoppers
C50683,1,2,576.42,576.42,288.21,5.0,1,0,0,1,0,0,2023-10-15,2023-10-15,0,1.0,0.0,0.0,1.0,0.0,2.0,2.49999999875,576.42,0,One-Time / Occasional Shoppers
C50732,1,4,590.04,590.04,147.51,4.0,1,1,0,0,0,0,2024-12-11,2024-12-11,0,1.0,1.0,0.0,0.0,0.0,4.0,0.99999999975,590.04,0,One-Time / Occasional Shoppers
C50967,1,2,364.8,364.8,182.4,5.0,1,1,0,1,0,0,2023-02-04,2023-02-04,0,1.0,1.0,0.0,1.0,0.0,2.0,2.49999999875,364.8,0,One-Time / Occasional Shoppers
C51024,1,1,489.8,489.8,489.8,4.0,1,1,0,0,0,1,2023-08-02,2023-08-02,0,1.0,1.0,0.0,0.0,0.0,1.0,3.9999999959999997,489.8,0,One-Time / Occasional Shoppers
C51145,1,4,2403.24,2403.24,600.81,9.0,1,1,1,0,0,0,2024-04-16,2024-04-16,0,1.0,1.0,1.0,0.0,0.0,4.0,2.2499999994375,2403.24,0,One-Time / Occasional Shoppers
C51157,1,3,1778.61,1778.61,592.87,3.0,1,1,0,0,0,1,2023-09-17,2023-09-17,0,1.0,1.0,0.0,0.0,0.0,3.0,0.9999999996666666,1778.61,0,One-Time / Occasional Shoppers
C51404,1,2,378.12,378.12,189.06,7.0,1,1,0,0,0,1,2024-01-18,2024-01-18,0,1.0,1.0,0.0,0.0,0.0,2.0,3.49999999825,378.12,0,One-Time / Occasional Shoppers
C51481,1,5,1244.2,1244.2,248.84,10.0,1,0,0,1,0,0,2023-06-23,2023-06-23,0,1.0,0.0,0.0,1.0,0.0,5.0,1.9999999996,1244.2,0,One-Time / Occasional Shoppers
C51494,1,2,977.74,977.74,488.87,4.0,1,1,0,1,0,0,2025-03-08,2025-03-08,0,1.0,1.0,0.0,1.0,0.0,2.0,1.999999999,977.74,0,One-Time / Occasional Shoppers
C51694,1,2,1361.7,1361.7,680.85,6.0,1,1,1,0,0,0,2024-08-25,2024-08-25,0,1.0,1.0,1.0,0.0,0.0,2.0,2.9999999985,1361.7,0,One-Time / Occasional Shoppers
C51811,1,3,1335.36,1335.36,445.12,8.0,1,0,0,1,0,0,2023-06-02,2023-06-02,0,1.0,0.0,0.0,1.0,0.0,3.0,2.6666666657777776,1335.36,0,One-Time / Occasional Shoppers
C51898,1,4,898.44,898.44,224.61,6.0,1,1,0,0,1,0,2024-01-23,2024-01-23,0,1.0,1.0,0.0,0.0,1.0,4.0,1.499999999625,898.44,0,One-Time / Occasional Shoppers
C51921,1,3,1318.59,1318.59,439.53,5.0,1,0,0,0,0,0,2023-08-11,2023-08-11,0,1.0,0.0,0.0,0.0,0.0,3.0,1.6666666661111111,1318.59,0,One-Time / Occasional Shoppers
C52184,1,1,162.77,162.77,162.77,4.0,1,1,0,1,0,0,2023-06-05,2023-06-05,0,1.0,1.0,0.0,1.0,0.0,1.0,3.9999999959999997,162.77,0,One-Time / Occasional Shoppers
C52313,1,2,836.52,836.52,418.26,2.0,1,1,0,0,0,0,2023-11-19,2023-11-19,0,1.0,1.0,0.0,0.0,0.0,2.0,0.9999999995,836.52,0,One-Time / Occasional Shoppers
C52342,1,5,369.15,369.15,73.83,9.0,1,0,0,0,0,0,2025-02-07,2025-02-07,0,1.0,0.0,0.0,0.0,0.0,5.0,1.79999999964,369.15,0,One-Time / Occasional Shoppers
C52604,1,5,506.5,506.5,101.3,7.0,1,1,0,0,0,1,2024-11-23,2024-11-23,0,1.0,1.0,0.0,0.0,0.0,5.0,1.3999999997199999,506.5,0,One-Time / Occasional Shoppers
C52717,1,5,2756.35,2756.35,551.27,7.0,1,1,0,1,0,0,2025-04-19,2025-04-19,0,1.0,1.0,0.0,1.0,0.0,5.0,1.3999999997199999,2756.35,0,One-Time / Occasional Shoppers
C52751,1,4,1055.72,1055.72,263.93,4.0,1,1,0,0,0,1,2023-10-27,2023-10-27,0,1.0,1.0,0.0,0.0,0.0,4.0,0.99999999975,1055.72,0,One-Time / Occasional Shoppers
C52879,1,5,3194.6,3194.6,638.92,5.0,1,1,0,0,1,0,2025-05-06,2025-05-06,0,1.0,1.0,0.0,0.0,1.0,5.0,0.9999999998,3194.6,0,One-Time / Occasional Shoppers
C52914,1,4,839.96,839.96,209.99,8.0,1,0,1,0,0,0,2023-03-19,2023-03-19,0,1.0,0.0,1.0,0.0,0.0,4.0,1.9999999995,839.96,0,One-Time / Occasional Shoppers
C52915,1,2,657.08,657.08,328.54,6.0,1,1,0,0,1,0,2023-12-13,2023-12-13,0,1.0,1.0,0.0,0.0,1.0,2.0,2.9999999985,657.08,0,One-Time / Occasional Shoppers
C53049,1,2,1126.12,1126.12,563.06,6.0,1,0,0,0,1,0,2023-12-02,2023-12-02,0,1.0,0.0,0.0,0.0,1.0,2.0,2.9999999985,1126.12,0,One-Time / Occasional Shoppers
C53070,1,4,2048.24,2048.24,512.06,5.0,1,1,1,0,0,0,2024-04-11,2024-04-11,0,1.0,1.0,1.0,0.0,0.0,4.0,1.2499999996875,2048.24,0,One-Time / Occasional Shoppers
C53215,1,1,265.38,265.38,265.38,6.0,1,1,0,1,0,0,2023-06-20,2023-06-20,0,1.0,1.0,0.0,1.0,0.0,1.0,5.9999999939999995,265.38,0,One-Time / Occasional Shoppers
C53252,1,4,570.32,570.32,142.58,4.0,1,1,1,0,0,0,2024-05-26,2024-05-26,0,1.0,1.0,1.0,0.0,0.0,4.0,0.99999999975,570.32,0,One-Time / Occasional Shoppers
C53277,1,3,1595.16,1595.16,531.72,7.0,1,1,1,0,0,0,2025-02-18,2025-02-18,0,1.0,1.0,1.0,0.0,0.0,3.0,2.3333333325555556,1595.16,0,One-Time / Occasional Shoppers
C53334,1,3,1496.04,1496.04,498.68,4.0,1,1,0,0,1,0,2023-08-06,2023-08-06,0,1.0,1.0,0.0,0.0,1.0,3.0,1.3333333328888888,1496.04,0,One-Time / Occasional Shoppers
C53464,1,5,3299.25,3299.25,659.85,9.0,1,1,1,0,0,0,2024-06-29,2024-06-29,0,1.0,1.0,1.0,0.0,0.0,5.0,1.79999999964,3299.25,0,One-Time / Occasional Shoppers
C53488,1,3,410.52,410.52,136.84,3.0,1,1,1,0,0,0,2024-05-12,2024-05-12,0,1.0,1.0,1.0,0.0,0.0,3.0,0.9999999996666666,410.52,0,One-Time / Occasional Shoppers
C53501,1,1,249.57,249.57,249.57,3.0,1,1,0,0,0,1,2024-06-08,2024-06-08,0,1.0,1.0,0.0,0.0,0.0,1.0,2.9999999969999998,249.57,0,One-Time / Occasional Shoppers
C53545,1,3,1084.17,1084.17,361.39,8.0,1,0,0,0,0,1,2023-06-29,2023-06-29,0,1.0,0.0,0.0,0.0,0.0,3.0,2.6666666657777776,1084.17,0,One-Time / Occasional Shoppers
C53627,1,5,1527.45,1527.45,305.49,10.0,1,0,0,0,0,1,2023-11-08,2023-11-08,0,1.0,0.0,0.0,0.0,0.0,5.0,1.9999999996,1527.45,0,One-Time / Occasional Shoppers
C53631,1,3,595.89,595.89,198.63,8.0,1,1,0,0,0,0,2025-06-11,2025-06-11,0,1.0,1.0,0.0,0.0,0.0,3.0,2.6666666657777776,595.89,0,One-Time / Occasional Shoppers
C53645,1,3,1450.59,1450.59,483.53,4.0,1,0,0,0,1,0,2025-02-14,2025-02-14,0,1.0,0.0,0.0,0.0,1.0,3.0,1.3333333328888888,1450.59,0,One-Time / Occasional Shoppers
C53697,1,4,827.36,827.36,206.84,5.0,1,1,0,1,0,0,2023-06-27,2023-06-27,0,1.0,1.0,0.0,1.0,0.0,4.0,1.2499999996875,827.36,0,One-Time / Occasional Shoppers
C53810,1,4,2358.28,2358.28,589.57,8.0,1,0,0,0,0,0,2024-06-06,2024-06-06,0,1.0,0.0,0.0,0.0,0.0,4.0,1.9999999995,2358.28,0,One-Time / Occasional Shoppers
C54160,1,3,1010.13,1010.13,336.71,4.0,1,0,0,0,0,0,2023-06-13,2023-06-13,0,1.0,0.0,0.0,0.0,0.0,3.0,1.3333333328888888,1010.13,0,One-Time / Occasional Shoppers
C54277,1,2,519.16,519.16,259.58,7.0,1,1,1,0,0,0,2025-03-12,2025-03-12,0,1.0,1.0,1.0,0.0,0.0,2.0,3.49999999825,519.16,0,One-Time / Occasional Shoppers
C54298,1,3,1437.63,1437.63,479.21,5.0,1,1,0,1,0,0,2023-05-21,2023-05-21,0,1.0,1.0,0.0,1.0,0.0,3.0,1.6666666661111111,1437.63,0,One-Time / Occasional Shoppers
C54390,1,3,580.74,580.74,193.58,7.0,1,1,0,0,0,0,2025-01-03,2025-01-03,0,1.0,1.0,0.0,0.0,0.0,3.0,2.3333333325555556,580.74,0,One-Time / Occasional Shoppers
C54409,1,3,1018.17,1018.17,339.39,7.0,1,1,0,0,1,0,2025-04-24,2025-04-24,0,1.0,1.0,0.0,0.0,1.0,3.0,2.3333333325555556,1018.17,0,One-Time / Occasional Shoppers
C54494,1,2,352.92,352.92,176.46,2.0,1,1,1,0,0,0,2023-09-02,2023-09-02,0,1.0,1.0,1.0,0.0,0.0,2.0,0.9999999995,352.92,0,One-Time / Occasional Shoppers
C54499,1,1,668.48,668.48,668.48,1.0,1,1,0,0,0,1,2023-12-03,2023-12-03,0,1.0,1.0,0.0,0.0,0.0,1.0,0.9999999989999999,668.48,0,One-Time / Occasional Shoppers
C54595,1,1,121.96,121.96,121.96,3.0,1,0,1,0,0,0,2025-03-18,2025-03-18,0,1.0,0.0,1.0,0.0,0.0,1.0,2.9999999969999998,121.96,0,One-Time / Occasional Shoppers
C54675,1,2,1291.7,1291.7,645.85,5.0,1,0,0,0,0,1,2023-01-01,2023-01-01,0,1.0,0.0,0.0,0.0,0.0,2.0,2.49999999875,1291.7,0,One-Time / Occasional Shoppers
C54725,1,2,289.32,289.32,144.66,7.0,1,1,0,1,0,0,2025-05-09,2025-05-09,0,1.0,1.0,0.0,1.0,0.0,2.0,3.49999999825,289.32,0,One-Time / Occasional Shoppers
C54759,1,1,109.29,109.29,109.29,5.0,1,1,0,1,0,0,2024-11-27,2024-11-27,0,1.0,1.0,0.0,1.0,0.0,1.0,4.999999995,109.29,0,One-Time / Occasional Shoppers
C54829,1,5,312.55,312.55,62.51,9.0,1,1,0,0,0,0,2023-05-08,2023-05-08,0,1.0,1.0,0.0,0.0,0.0,5.0,1.79999999964,312.55,0,One-Time / Occasional Shoppers
C54886,1,1,355.15,355.15,355.15,2.0,1,1,0,0,1,0,2024-06-25,2024-06-25,0,1.0,1.0,0.0,0.0,1.0,1.0,1.9999999979999998,355.15,0,One-Time / Occasional Shoppers
C55164,1,3,1979.64,1979.64,659.88,3.0,1,0,0,1,0,0,2023-03-16,2023-03-16,0,1.0,0.0,0.0,1.0,0.0,3.0,0.9999999996666666,1979.64,0,One-Time / Occasional Shoppers
C55205,1,4,793.4,793.4,198.35,7.0,1,1,0,1,0,0,2024-04-09,2024-04-09,0,1.0,1.0,0.0,1.0,0.0,4.0,1.7499999995625,793.4,0,One-Time / Occasional Shoppers
C55286,1,5,2873.95,2873.95,574.79,8.0,1,1,0,0,0,0,2024-02-21,2024-02-21,0,1.0,1.0,0.0,0.0,0.0,5.0,1.59999999968,2873.95,0,One-Time / Occasional Shoppers
C55354,1,2,684.22,684.22,342.11,2.0,1,1,0,0,0,1,2024-08-30,2024-08-30,0,1.0,1.0,0.0,0.0,0.0,2.0,0.9999999995,684.22,0,One-Time / Occasional Shoppers
C55388,1,3,1213.86,1213.86,404.62,6.0,1,1,1,0,0,0,2023-03-27,2023-03-27,0,1.0,1.0,1.0,0.0,0.0,3.0,1.9999999993333333,1213.86,0,One-Time / Occasional Shoppers
C55454,1,1,677.48,677.48,677.48,1.0,1,1,1,0,0,0,2023-05-01,2023-05-01,0,1.0,1.0,1.0,0.0,0.0,1.0,0.9999999989999999,677.48,0,One-Time / Occasional Shoppers
C55464,1,1,601.36,601.36,601.36,1.0,1,0,0,0,0,1,2024-11-11,2024-11-11,0,1.0,0.0,0.0,0.0,0.0,1.0,0.9999999989999999,601.36,0,One-Time / Occasional Shoppers
C55590,1,1,625.51,625.51,625.51,1.0,1,1,0,0,0,1,2024-12-19,2024-12-19,0,1.0,1.0,0.0,0.0,0.0,1.0,0.9999999989999999,625.51,0,One-Time / Occasional Shoppers
C55606,1,4,1102.0,1102.0,275.5,8.0,1,1,0,0,0,1,2025-05-03,2025-05-03,0,1.0,1.0,0.0,0.0,0.0,4.0,1.9999999995,1102.0,0,One-Time / Occasional Shoppers
C55632,1,5,2158.45,2158.45,431.69,10.0,1,0,0,0,0,0,2023-08-05,2023-08-05,0,1.0,0.0,0.0,0.0,0.0,5.0,1.9999999996,2158.45,0,One-Time / Occasional Shoppers
C55636,1,4,1702.4,1702.4,425.6,5.0,1,1,0,0,0,0,2023-04-21,2023-04-21,0,1.0,1.0,0.0,0.0,0.0,4.0,1.2499999996875,1702.4,0,One-Time / Occasional Shoppers
C55757,1,2,922.26,922.26,461.13,4.0,1,0,0,0,1,0,2023-09-10,2023-09-10,0,1.0,0.0,0.0,0.0,1.0,2.0,1.999999999,922.26,0,One-Time / Occasional Shoppers
C55778,1,5,551.9,551.9,110.38,10.0,1,0,0,0,0,0,2023-11-09,2023-11-09,0,1.0,0.0,0.0,0.0,0.0,5.0,1.9999999996,551.9,0,One-Time / Occasional Shoppers
C55819,1,5,1268.75,1268.75,253.75,9.0,1,1,0,0,0,0,2023-09-01,2023-09-01,0,1.0,1.0,0.0,0.0,0.0,5.0,1.79999999964,1268.75,0,One-Time / Occasional Shoppers
C55996,1,5,2543.45,2543.45,508.69,10.0,1,1,1,0,0,0,2023-07-14,2023-07-14,0,1.0,1.0,1.0,0.0,0.0,5.0,1.9999999996,2543.45,0,One-Time / Occasional Shoppers
C56266,1,4,640.88,640.88,160.22,9.0,1,1,0,0,1,0,2024-09-28,2024-09-28,0,1.0,1.0,0.0,0.0,1.0,4.0,2.2499999994375,640.88,0,One-Time / Occasional Shoppers
C56506,1,3,773.52,773.52,257.84,4.0,1,0,1,0,0,0,2024-03-10,2024-03-10,0,1.0,0.0,1.0,0.0,0.0,3.0,1.3333333328888888,773.52,0,One-Time / Occasional Shoppers
C56553,1,3,212.43,212.43,70.81,8.0,1,1,0,0,0,1,2024-07-15,2024-07-15,0,1.0,1.0,0.0,0.0,0.0,3.0,2.6666666657777776,212.43,0,One-Time / Occasional Shoppers
C56564,1,2,507.48,507.48,253.74,5.0,1,1,0,0,0,1,2025-03-05,2025-03-05,0,1.0,1.0,0.0,0.0,0.0,2.0,2.49999999875,507.48,0,One-Time / Occasional Shoppers
C56622,1,2,1095.34,1095.34,547.67,3.0,1,0,0,0,0,1,2025-04-08,2025-04-08,0,1.0,0.0,0.0,0.0,0.0,2.0,1.49999999925,1095.34,0,One-Time / Occasional Shoppers
C56722,1,5,110.35,110.35,22.07,7.0,1,1,0,1,0,0,2025-04-03,2025-04-03,0,1.0,1.0,0.0,1.0,0.0,5.0,1.3999999997199999,110.35,0,One-Time / Occasional Shoppers
C56796,1,1,678.38,678.38,678.38,4.0,1,1,0,1,0,0,2025-02-14,2025-02-14,0,1.0,1.0,0.0,1.0,0.0,1.0,3.9999999959999997,678.38,0,One-Time / Occasional Shoppers
C56851,1,5,958.15,958.15,191.63,6.0,1,1,1,0,0,0,2023-10-31,2023-10-31,0,1.0,1.0,1.0,0.0,0.0,5.0,1.19999999976,958.15,0,One-Time / Occasional Shoppers
C56928,1,4,1435.0,1435.0,358.75,9.0,1,1,1,0,0,0,2024-01-09,2024-01-09,0,1.0,1.0,1.0,0.0,0.0,4.0,2.2499999994375,1435.0,0,One-Time / Occasional Shoppers
C56938,1,3,1117.8,1117.8,372.6,7.0,1,1,1,0,0,0,2025-06-13,2025-06-13,0,1.0,1.0,1.0,0.0,0.0,3.0,2.3333333325555556,1117.8,0,One-Time / Occasional Shoppers
C56969,2,3,193.0,96.5,62.300000000000004,4.0,1,2,0,0,0,0,2023-06-29,2024-01-09,194,0.010256410256410256,1.0,0.0,0.0,0.0,1.5,2.6666666648888886,193.0,1,Repeat / Higher-Value Shoppers
C57093,1,3,553.41,553.41,184.47,4.0,1,0,0,1,0,0,2024-02-08,2024-02-08,0,1.0,0.0,0.0,1.0,0.0,3.0,1.3333333328888888,553.41,0,One-Time / Occasional Shoppers
C57276,1,5,3456.4,3456.4,691.28,10.0,1,1,1,0,0,0,2023-08-17,2023-08-17,0,1.0,1.0,1.0,0.0,0.0,5.0,1.9999999996,3456.4,0,One-Time / Occasional Shoppers
C57502,1,4,2242.32,2242.32,560.58,6.0,1,1,0,0,1,0,2023-06-11,2023-06-11,0,1.0,1.0,0.0,0.0,1.0,4.0,1.499999999625,2242.32,0,One-Time / Occasional Shoppers
C57601,1,4,294.6,294.6,73.65,9.0,1,0,0,0,0,1,2024-09-09,2024-09-09,0,1.0,0.0,0.0,0.0,0.0,4.0,2.2499999994375,294.6,0,One-Time / Occasional Shoppers
C57798,1,4,2308.32,2308.32,577.08,8.0,1,0,0,0,0,0,2024-04-11,2024-04-11,0,1.0,0.0,0.0,0.0,0.0,4.0,1.9999999995,2308.32,0,One-Time / Occasional Shoppers
C57861,1,3,915.48,915.48,305.16,8.0,1,1,0,1,0,0,2025-03-07,2025-03-07,0,1.0,1.0,0.0,1.0,0.0,3.0,2.6666666657777776,915.48,0,One-Time / Occasional Shoppers
C57867,1,4,1543.68,1543.68,385.92,8.0,1,0,0,1,0,0,2023-05-17,2023-05-17,0,1.0,0.0,0.0,1.0,0.0,4.0,1.9999999995,1543.68,0,One-Time / Occasional Shoppers
C58063,1,2,987.26,987.26,493.63,6.0,1,1,0,0,1,0,2024-08-11,2024-08-11,0,1.0,1.0,0.0,0.0,1.0,2.0,2.9999999985,987.26,0,One-Time / Occasional Shoppers
C58108,1,4,2517.36,2517.36,629.34,4.0,1,1,0,1,0,0,2023-04-11,2023-04-11,0,1.0,1.0,0.0,1.0,0.0,4.0,0.99999999975,2517.36,0,One-Time / Occasional Shoppers
C58156,1,1,95.1,95.1,95.1,1.0,1,1,0,0,0,0,2024-11-15,2024-11-15,0,1.0,1.0,0.0,0.0,0.0,1.0,0.9999999989999999,95.1,0,One-Time / Occasional Shoppers
C58168,1,3,754.4399999999999,754.4399999999999,251.48,4.0,1,0,0,0,1,0,2024-05-24,2024-05-24,0,1.0,0.0,0.0,0.0,1.0,3.0,1.3333333328888888,754.4399999999999,0,One-Time / Occasional Shoppers
C58341,1,1,639.83,639.83,639.83,2.0,1,1,0,0,0,0,2024-03-26,2024-03-26,0,1.0,1.0,0.0,0.0,0.0,1.0,1.9999999979999998,639.83,0,One-Time / Occasional Shoppers
C58410,1,1,645.46,645.46,645.46,5.0,1,1,0,1,0,0,2023-08-11,2023-08-11,0,1.0,1.0,0.0,1.0,0.0,1.0,4.999999995,645.46,0,One-Time / Occasional Shoppers
C58443,1,2,848.64,848.64,424.32,6.0,1,0,0,0,1,0,2023-09-04,2023-09-04,0,1.0,0.0,0.0,0.0,1.0,2.0,2.9999999985,848.64,0,One-Time / Occasional Shoppers
C58503,1,5,1402.6,1402.6,280.52,7.0,1,1,0,1,0,0,2025-05-20,2025-05-20,0,1.0,1.0,0.0,1.0,0.0,5.0,1.3999999997199999,1402.6,0,One-Time / Occasional Shoppers
C58638,1,4,1531.52,1531.52,382.88,6.0,1,1,0,1,0,0,2024-03-31,2024-03-31,0,1.0,1.0,0.0,1.0,0.0,4.0,1.499999999625,1531.52,0,One-Time / Occasional Shoppers
C58721,1,3,617.58,617.58,205.86,4.0,1,0,0,0,0,1,2025-03-03,2025-03-03,0,1.0,0.0,0.0,0.0,0.0,3.0,1.3333333328888888,617.58,0,One-Time / Occasional Shoppers
C58773,1,5,2567.45,2567.45,513.49,8.0,1,0,0,1,0,0,2024-02-26,2024-02-26,0,1.0,0.0,0.0,1.0,0.0,5.0,1.59999999968,2567.45,0,One-Time / Occasional Shoppers
C58808,1,2,539.66,539.66,269.83,4.0,1,1,1,0,0,0,2024-11-08,2024-11-08,0,1.0,1.0,1.0,0.0,0.0,2.0,1.999999999,539.66,0,One-Time / Occasional Shoppers
C58858,1,2,674.64,674.64,337.32,4.0,1,1,0,1,0,0,2024-12-02,2024-12-02,0,1.0,1.0,0.0,1.0,0.0,2.0,1.999999999,674.64,0,One-Time / Occasional Shoppers
C59139,1,5,458.35,458.35,91.67,9.0,1,1,0,1,0,0,2025-05-12,2025-05-12,0,1.0,1.0,0.0,1.0,0.0,5.0,1.79999999964,458.35,0,One-Time / Occasional Shoppers
C59169,1,4,2517.36,2517.36,629.34,7.0,1,0,0,0,0,1,2023-07-10,2023-07-10,0,1.0,0.0,0.0,0.0,0.0,4.0,1.7499999995625,2517.36,0,One-Time / Occasional Shoppers
C59183,1,5,3322.55,3322.55,664.51,8.0,1,1,0,0,0,0,2023-02-28,2023-02-28,0,1.0,1.0,0.0,0.0,0.0,5.0,1.59999999968,3322.55,0,One-Time / Occasional Shoppers
C59278,1,5,2360.05,2360.05,472.01,10.0,1,1,0,1,0,0,2024-10-15,2024-10-15,0,1.0,1.0,0.0,1.0,0.0,5.0,1.9999999996,2360.05,0,One-Time / Occasional Shoppers
C59337,1,2,1068.86,1068.86,534.43,5.0,1,0,0,0,0,0,2025-05-08,2025-05-08,0,1.0,0.0,0.0,0.0,0.0,2.0,2.49999999875,1068.86,0,One-Time / Occasional Shoppers
C59338,1,3,2070.9,2070.9,690.3,6.0,1,1,0,0,0,1,2024-02-25,2024-02-25,0,1.0,1.0,0.0,0.0,0.0,3.0,1.9999999993333333,2070.9,0,One-Time / Occasional Shoppers
C59441,1,5,2092.65,2092.65,418.53,6.0,1,1,0,0,0,0,2024-02-09,2024-02-09,0,1.0,1.0,0.0,0.0,0.0,5.0,1.19999999976,2092.65,0,One-Time / Occasional Shoppers
C59554,1,2,912.08,912.08,456.04,4.0,1,1,0,0,1,0,2024-12-16,2024-12-16,0,1.0,1.0,0.0,0.0,1.0,2.0,1.999999999,912.08,0,One-Time / Occasional Shoppers
C59572,1,1,542.07,542.07,542.07,6.0,1,1,0,0,0,1,2023-03-28,2023-03-28,0,1.0,1.0,0.0,0.0,0.0,1.0,5.9999999939999995,542.07,0,One-Time / Occasional Shoppers
C59579,1,2,897.7,897.7,448.85,6.0,1,0,0,0,0,0,2023-01-03,2023-01-03,0,1.0,0.0,0.0,0.0,0.0,2.0,2.9999999985,897.7,0,One-Time / Occasional Shoppers
C59685,1,2,788.32,788.32,394.16,2.0,1,0,0,0,0,1,2023-01-26,2023-01-26,0,1.0,0.0,0.0,0.0,0.0,2.0,0.9999999995,788.32,0,One-Time / Occasional Shoppers
C59724,1,2,819.5,819.5,409.75,2.0,1,1,0,0,0,1,2024-12-09,2024-12-09,0,1.0,1.0,0.0,0.0,0.0,2.0,0.9999999995,819.5,0,One-Time / Occasional Shoppers
C59752,1,5,1538.8,1538.8,307.76,9.0,1,1,0,0,0,0,2023-01-05,2023-01-05,0,1.0,1.0,0.0,0.0,0.0,5.0,1.79999999964,1538.8,0,One-Time / Occasional Shoppers
C59774,1,1,72.6,72.6,72.6,6.0,1,1,0,1,0,0,2024-04-15,2024-04-15,0,1.0,1.0,0.0,1.0,0.0,1.0,5.9999999939999995,72.6,0,One-Time / Occasional Shoppers
C59823,1,4,640.28,640.28,160.07,5.0,1,0,0,0,0,0,2023-11-21,2023-11-21,0,1.0,0.0,0.0,0.0,0.0,4.0,1.2499999996875,640.28,0,One-Time / Occasional Shoppers
C60029,1,3,1524.36,1524.36,508.12,8.0,1,1,0,1,0,0,2023-01-06,2023-01-06,0,1.0,1.0,0.0,1.0,0.0,3.0,2.6666666657777776,1524.36,0,One-Time / Occasional Shoppers
C60037,1,2,1054.92,1054.92,527.46,3.0,1,1,0,1,0,0,2025-01-16,2025-01-16,0,1.0,1.0,0.0,1.0,0.0,2.0,1.49999999925,1054.92,0,One-Time / Occasional Shoppers
C60042,1,4,1761.24,1761.24,440.31,6.0,1,0,0,1,0,0,2023-02-17,2023-02-17,0,1.0,0.0,0.0,1.0,0.0,4.0,1.499999999625,1761.24,0,One-Time / Occasional Shoppers
C60178,1,3,1023.45,1023.45,341.15,4.0,1,1,0,0,0,0,2023-01-02,2023-01-02,0,1.0,1.0,0.0,0.0,0.0,3.0,1.3333333328888888,1023.45,0,One-Time / Occasional Shoppers
C60190,1,4,1898.76,1898.76,474.69,6.0,1,1,0,1,0,0,2023-01-15,2023-01-15,0,1.0,1.0,0.0,1.0,0.0,4.0,1.499999999625,1898.76,0,One-Time / Occasional Shoppers
C60203,1,2,583.7,583.7,291.85,5.0,1,1,0,0,0,1,2024-05-27,2024-05-27,0,1.0,1.0,0.0,0.0,0.0,2.0,2.49999999875,583.7,0,One-Time / Occasional Shoppers
C60215,1,4,334.4,334.4,83.6,4.0,1,1,0,0,0,0,2024-11-05,2024-11-05,0,1.0,1.0,0.0,0.0,0.0,4.0,0.99999999975,334.4,0,One-Time / Occasional Shoppers
C60329,1,5,2476.75,2476.75,495.35,5.0,1,0,0,0,0,0,2024-04-26,2024-04-26,0,1.0,0.0,0.0,0.0,0.0,5.0,0.9999999998,2476.75,0,One-Time / Occasional Shoppers
C60355,1,2,1000.58,1000.58,500.29,7.0,1,1,0,0,1,0,2024-09-14,2024-09-14,0,1.0,1.0,0.0,0.0,1.0,2.0,3.49999999825,1000.58,0,One-Time / Occasional Shoppers
C60361,1,5,1948.1,1948.1,389.62,7.0,1,1,0,0,1,0,2024-06-16,2024-06-16,0,1.0,1.0,0.0,0.0,1.0,5.0,1.3999999997199999,1948.1,0,One-Time / Occasional Shoppers
C60384,1,4,1484.28,1484.28,371.07,7.0,1,1,0,1,0,0,2023-10-05,2023-10-05,0,1.0,1.0,0.0,1.0,0.0,4.0,1.7499999995625,1484.28,0,One-Time / Occasional Shoppers
C60547,1,1,257.0,257.0,257.0,5.0,1,0,0,1,0,0,2023-02-05,2023-02-05,0,1.0,0.0,0.0,1.0,0.0,1.0,4.999999995,257.0,0,One-Time / Occasional Shoppers
C60572,1,3,1497.63,1497.63,499.21,8.0,1,0,0,1,0,0,2023-12-14,2023-12-14,0,1.0,0.0,0.0,1.0,0.0,3.0,2.6666666657777776,1497.63,0,One-Time / Occasional Shoppers
C60575,1,5,1959.3,1959.3,391.86,6.0,1,0,0,0,0,1,2024-07-18,2024-07-18,0,1.0,0.0,0.0,0.0,0.0,5.0,1.19999999976,1959.3,0,One-Time / Occasional Shoppers
C60672,1,1,423.4,423.4,423.4,3.0,1,0,0,0,0,1,2024-03-02,2024-03-02,0,1.0,0.0,0.0,0.0,0.0,1.0,2.9999999969999998,423.4,0,One-Time / Occasional Shoppers
C60699,1,3,1235.85,1235.85,411.95,7.0,1,1,1,0,0,0,2024-01-14,2024-01-14,0,1.0,1.0,1.0,0.0,0.0,3.0,2.3333333325555556,1235.85,0,One-Time / Occasional Shoppers
C61070,1,2,951.56,951.56,475.78,2.0,1,1,0,0,0,1,2024-07-04,2024-07-04,0,1.0,1.0,0.0,0.0,0.0,2.0,0.9999999995,951.56,0,One-Time / Occasional Shoppers
C61090,1,4,2062.36,2062.36,515.59,7.0,1,1,0,0,0,1,2024-04-07,2024-04-07,0,1.0,1.0,0.0,0.0,0.0,4.0,1.7499999995625,2062.36,0,One-Time / Occasional Shoppers
C61162,1,4,721.0,721.0,180.25,7.0,1,0,0,1,0,0,2024-07-13,2024-07-13,0,1.0,0.0,0.0,1.0,0.0,4.0,1.7499999995625,721.0,0,One-Time / Occasional Shoppers
C61225,1,2,1300.5,1300.5,650.25,6.0,1,0,0,0,1,0,2023-02-25,2023-02-25,0,1.0,0.0,0.0,0.0,1.0,2.0,2.9999999985,1300.5,0,One-Time / Occasional Shoppers
C61257,1,2,507.34,507.34,253.67,3.0,1,1,0,0,1,0,2024-07-05,2024-07-05,0,1.0,1.0,0.0,0.0,1.0,2.0,1.49999999925,507.34,0,One-Time / Occasional Shoppers
C61280,1,3,1472.22,1472.22,490.74,3.0,1,1,0,0,0,1,2024-05-24,2024-05-24,0,1.0,1.0,0.0,0.0,0.0,3.0,0.9999999996666666,1472.22,0,One-Time / Occasional Shoppers
C61384,1,3,802.3499999999999,802.3499999999999,267.45,5.0,1,1,1,0,0,0,2024-04-06,2024-04-06,0,1.0,1.0,1.0,0.0,0.0,3.0,1.6666666661111111,802.3499999999999,0,One-Time / Occasional Shoppers
C61440,1,1,583.9,583.9,583.9,1.0,1,0,0,0,1,0,2023-04-10,2023-04-10,0,1.0,0.0,0.0,0.0,1.0,1.0,0.9999999989999999,583.9,0,One-Time / Occasional Shoppers
C61521,1,2,690.02,690.02,345.01,6.0,1,1,1,0,0,0,2024-05-12,2024-05-12,0,1.0,1.0,1.0,0.0,0.0,2.0,2.9999999985,690.02,0,One-Time / Occasional Shoppers
C61549,1,4,1286.04,1286.04,321.51,9.0,1,0,0,0,1,0,2024-05-20,2024-05-20,0,1.0,0.0,0.0,0.0,1.0,4.0,2.2499999994375,1286.04,0,One-Time / Occasional Shoppers
C61618,1,4,488.8,488.8,122.2,7.0,1,1,1,0,0,0,2024-03-24,2024-03-24,0,1.0,1.0,1.0,0.0,0.0,4.0,1.7499999995625,488.8,0,One-Time / Occasional Shoppers
C61668,1,2,139.28,139.28,69.64,6.0,1,0,0,0,1,0,2024-05-14,2024-05-14,0,1.0,0.0,0.0,0.0,1.0,2.0,2.9999999985,139.28,0,One-Time / Occasional Shoppers
C61773,1,4,981.12,981.12,245.28,6.0,1,1,1,0,0,0,2023-10-02,2023-10-02,0,1.0,1.0,1.0,0.0,0.0,4.0,1.499999999625,981.12,0,One-Time / Occasional Shoppers
C61849,1,4,2311.28,2311.28,577.82,9.0,1,0,1,0,0,0,2024-12-10,2024-12-10,0,1.0,0.0,1.0,0.0,0.0,4.0,2.2499999994375,2311.28,0,One-Time / Occasional Shoppers
C61943,1,2,985.8,985.8,492.9,5.0,1,1,0,0,1,0,2025-05-30,2025-05-30,0,1.0,1.0,0.0,0.0,1.0,2.0,2.49999999875,985.8,0,One-Time / Occasional Shoppers
C61957,1,1,483.38,483.38,483.38,6.0,1,1,0,0,0,0,2023-12-24,2023-12-24,0,1.0,1.0,0.0,0.0,0.0,1.0,5.9999999939999995,483.38,0,One-Time / Occasional Shoppers
C62042,1,5,1539.9,1539.9,307.98,10.0,1,0,0,0,0,0,2023-05-14,2023-05-14,0,1.0,0.0,0.0,0.0,0.0,5.0,1.9999999996,1539.9,0,One-Time / Occasional Shoppers
C62070,1,1,176.58,176.58,176.58,4.0,1,0,0,0,1,0,2025-03-12,2025-03-12,0,1.0,0.0,0.0,0.0,1.0,1.0,3.9999999959999997,176.58,0,One-Time / Occasional Shoppers
C62169,1,1,184.15,184.15,184.15,5.0,1,1,0,0,0,1,2025-04-06,2025-04-06,0,1.0,1.0,0.0,0.0,0.0,1.0,4.999999995,184.15,0,One-Time / Occasional Shoppers
C62277,1,4,309.88,309.88,77.47,7.0,1,1,0,0,1,0,2024-04-08,2024-04-08,0,1.0,1.0,0.0,0.0,1.0,4.0,1.7499999995625,309.88,0,One-Time / Occasional Shoppers
C62312,1,1,52.54,52.54,52.54,6.0,1,1,0,1,0,0,2024-10-06,2024-10-06,0,1.0,1.0,0.0,1.0,0.0,1.0,5.9999999939999995,52.54,0,One-Time / Occasional Shoppers
C62405,1,2,460.72,460.72,230.36,4.0,1,1,0,0,1,0,2024-12-19,2024-12-19,0,1.0,1.0,0.0,0.0,1.0,2.0,1.999999999,460.72,0,One-Time / Occasional Shoppers
C62512,1,3,275.22,275.22,91.74,8.0,1,1,0,0,1,0,2024-09-10,2024-09-10,0,1.0,1.0,0.0,0.0,1.0,3.0,2.6666666657777776,275.22,0,One-Time / Occasional Shoppers
C62557,1,3,1232.64,1232.64,410.88,8.0,1,1,1,0,0,0,2023-01-13,2023-01-13,0,1.0,1.0,1.0,0.0,0.0,3.0,2.6666666657777776,1232.64,0,One-Time / Occasional Shoppers
C62622,1,1,562.61,562.61,562.61,3.0,1,1,1,0,0,0,2025-03-28,2025-03-28,0,1.0,1.0,1.0,0.0,0.0,1.0,2.9999999969999998,562.61,0,One-Time / Occasional Shoppers
C62627,1,1,41.09,41.09,41.09,4.0,1,1,0,0,1,0,2023-03-18,2023-03-18,0,1.0,1.0,0.0,0.0,1.0,1.0,3.9999999959999997,41.09,0,One-Time / Occasional Shoppers
C62656,1,4,873.72,873.72,218.43,9.0,1,1,0,1,0,0,2025-01-25,2025-01-25,0,1.0,1.0,0.0,1.0,0.0,4.0,2.2499999994375,873.72,0,One-Time / Occasional Shoppers
C62661,1,3,1147.11,1147.11,382.37,8.0,1,0,0,0,1,0,2023-06-12,2023-06-12,0,1.0,0.0,0.0,0.0,1.0,3.0,2.6666666657777776,1147.11,0,One-Time / Occasional Shoppers
C62666,1,5,322.5,322.5,64.5,8.0,1,1,0,0,0,0,2024-02-01,2024-02-01,0,1.0,1.0,0.0,0.0,0.0,5.0,1.59999999968,322.5,0,One-Time / Occasional Shoppers
C62740,1,1,424.4,424.4,424.4,6.0,1,1,0,0,0,1,2023-02-27,2023-02-27,0,1.0,1.0,0.0,0.0,0.0,1.0,5.9999999939999995,424.4,0,One-Time / Occasional Shoppers
C63018,1,1,38.49,38.49,38.49,4.0,1,1,1,0,0,0,2025-06-22,2025-06-22,0,1.0,1.0,1.0,0.0,0.0,1.0,3.9999999959999997,38.49,0,One-Time / Occasional Shoppers
C63150,1,3,410.91,410.91,136.97,4.0,1,1,0,0,1,0,2024-10-18,2024-10-18,0,1.0,1.0,0.0,0.0,1.0,3.0,1.3333333328888888,410.91,0,One-Time / Occasional Shoppers
C63153,1,4,2199.04,2199.04,549.76,4.0,1,1,1,0,0,0,2023-10-03,2023-10-03,0,1.0,1.0,1.0,0.0,0.0,4.0,0.99999999975,2199.04,0,One-Time / Occasional Shoppers
C63365,1,5,1098.9,1098.9,219.78,8.0,1,0,0,0,0,0,2023-08-04,2023-08-04,0,1.0,0.0,0.0,0.0,0.0,5.0,1.59999999968,1098.9,0,One-Time / Occasional Shoppers
C63372,1,5,2428.55,2428.55,485.71,10.0,1,1,0,0,0,0,2024-03-12,2024-03-12,0,1.0,1.0,0.0,0.0,0.0,5.0,1.9999999996,2428.55,0,One-Time / Occasional Shoppers
C63378,1,1,512.39,512.39,512.39,2.0,1,1,1,0,0,0,2024-04-18,2024-04-18,0,1.0,1.0,1.0,0.0,0.0,1.0,1.9999999979999998,512.39,0,One-Time / Occasional Shoppers
C63619,1,3,1857.63,1857.63,619.21,6.0,1,0,0,1,0,0,2024-04-22,2024-04-22,0,1.0,0.0,0.0,1.0,0.0,3.0,1.9999999993333333,1857.63,0,One-Time / Occasional Shoppers
C63657,1,3,1274.67,1274.67,424.89,6.0,1,1,0,1,0,0,2025-02-28,2025-02-28,0,1.0,1.0,0.0,1.0,0.0,3.0,1.9999999993333333,1274.67,0,One-Time / Occasional Shoppers
C63727,1,2,724.28,724.28,362.14,2.0,1,1,0,0,0,0,2024-12-27,2024-12-27,0,1.0,1.0,0.0,0.0,0.0,2.0,0.9999999995,724.28,0,One-Time / Occasional Shoppers
C63822,1,4,507.56,507.56,126.89,9.0,1,1,0,0,0,0,2023-11-25,2023-11-25,0,1.0,1.0,0.0,0.0,0.0,4.0,2.2499999994375,507.56,0,One-Time / Occasional Shoppers
C63827,1,4,1974.92,1974.92,493.73,6.0,1,1,0,0,0,0,2025-06-05,2025-06-05,0,1.0,1.0,0.0,0.0,0.0,4.0,1.499999999625,1974.92,0,One-Time / Occasional Shoppers
C64128,1,3,284.64,284.64,94.88,8.0,1,0,0,0,0,1,2025-02-09,2025-02-09,0,1.0,0.0,0.0,0.0,0.0,3.0,2.6666666657777776,284.64,0,One-Time / Occasional Shoppers
C64160,1,2,330.98,330.98,165.49,4.0,1,1,0,0,0,1,2023-08-28,2023-08-28,0,1.0,1.0,0.0,0.0,0.0,2.0,1.999999999,330.98,0,One-Time / Occasional Shoppers
C64502,1,5,1600.05,1600.05,320.01,6.0,1,0,1,0,0,0,2024-07-02,2024-07-02,0,1.0,0.0,1.0,0.0,0.0,5.0,1.19999999976,1600.05,0,One-Time / Occasional Shoppers
C64516,1,3,1517.37,1517.37,505.79,3.0,1,1,0,0,0,0,2023-07-19,2023-07-19,0,1.0,1.0,0.0,0.0,0.0,3.0,0.9999999996666666,1517.37,0,One-Time / Occasional Shoppers
C64549,1,5,1006.1,1006.1,201.22,6.0,1,1,0,0,0,0,2023-08-24,2023-08-24,0,1.0,1.0,0.0,0.0,0.0,5.0,1.19999999976,1006.1,0,One-Time / Occasional Shoppers
C64554,1,3,410.52,410.52,136.84,4.0,1,1,0,0,0,0,2023-08-31,2023-08-31,0,1.0,1.0,0.0,0.0,0.0,3.0,1.3333333328888888,410.52,0,One-Time / Occasional Shoppers
C64579,1,1,234.37,234.37,234.37,5.0,1,1,0,0,0,1,2025-02-07,2025-02-07,0,1.0,1.0,0.0,0.0,0.0,1.0,4.999999995,234.37,0,One-Time / Occasional Shoppers
C64638,1,1,527.57,527.57,527.57,3.0,1,1,0,0,0,0,2023-02-26,2023-02-26,0,1.0,1.0,0.0,0.0,0.0,1.0,2.9999999969999998,527.57,0,One-Time / Occasional Shoppers
C64641,1,5,2119.65,2119.65,423.93,5.0,1,1,0,0,1,0,2024-01-07,2024-01-07,0,1.0,1.0,0.0,0.0,1.0,5.0,0.9999999998,2119.65,0,One-Time / Occasional Shoppers
C64753,1,4,1050.08,1050.08,262.52,4.0,1,1,0,1,0,0,2024-08-22,2024-08-22,0,1.0,1.0,0.0,1.0,0.0,4.0,0.99999999975,1050.08,0,One-Time / Occasional Shoppers
C64935,1,1,304.11,304.11,304.11,2.0,1,1,0,0,0,1,2024-09-06,2024-09-06,0,1.0,1.0,0.0,0.0,0.0,1.0,1.9999999979999998,304.11,0,One-Time / Occasional Shoppers
C65021,1,2,809.92,809.92,404.96,4.0,1,1,0,0,0,1,2024-05-04,2024-05-04,0,1.0,1.0,0.0,0.0,0.0,2.0,1.999999999,809.92,0,One-Time / Occasional Shoppers
C65056,1,4,2129.96,2129.96,532.49,6.0,1,1,0,1,0,0,2025-06-21,2025-06-21,0,1.0,1.0,0.0,1.0,0.0,4.0,1.499999999625,2129.96,0,One-Time / Occasional Shoppers
C65083,1,4,2631.16,2631.16,657.79,6.0,1,1,0,0,1,0,2025-02-18,2025-02-18,0,1.0,1.0,0.0,0.0,1.0,4.0,1.499999999625,2631.16,0,One-Time / Occasional Shoppers
C65107,1,1,70.24,70.24,70.24,4.0,1,1,0,1,0,0,2024-09-08,2024-09-08,0,1.0,1.0,0.0,1.0,0.0,1.0,3.9999999959999997,70.24,0,One-Time / Occasional Shoppers
C65180,1,4,858.16,858.16,214.54,7.0,1,0,0,1,0,0,2024-04-04,2024-04-04,0,1.0,0.0,0.0,1.0,0.0,4.0,1.7499999995625,858.16,0,One-Time / Occasional Shoppers
C65251,1,5,1168.35,1168.35,233.67,10.0,1,0,0,0,0,1,2024-09-23,2024-09-23,0,1.0,0.0,0.0,0.0,0.0,5.0,1.9999999996,1168.35,0,One-Time / Occasional Shoppers
C65414,1,2,595.42,595.42,297.71,7.0,1,1,0,0,0,1,2025-04-01,2025-04-01,0,1.0,1.0,0.0,0.0,0.0,2.0,3.49999999825,595.42,0,One-Time / Occasional Shoppers
C65497,1,1,163.32,163.32,163.32,6.0,1,1,0,0,0,1,2023-11-18,2023-11-18,0,1.0,1.0,0.0,0.0,0.0,1.0,5.9999999939999995,163.32,0,One-Time / Occasional Shoppers
C65524,1,5,1919.1,1919.1,383.82,7.0,1,1,0,0,1,0,2025-01-20,2025-01-20,0,1.0,1.0,0.0,0.0,1.0,5.0,1.3999999997199999,1919.1,0,One-Time / Occasional Shoppers
C65565,1,3,402.15,402.15,134.05,3.0,1,0,0,0,0,1,2024-02-13,2024-02-13,0,1.0,0.0,0.0,0.0,0.0,3.0,0.9999999996666666,402.15,0,One-Time / Occasional Shoppers
C65744,1,1,582.04,582.04,582.04,1.0,1,1,1,0,0,0,2024-07-30,2024-07-30,0,1.0,1.0,1.0,0.0,0.0,1.0,0.9999999989999999,582.04,0,One-Time / Occasional Shoppers
C65799,1,4,2260.8,2260.8,565.2,9.0,1,1,0,0,0,1,2024-01-05,2024-01-05,0,1.0,1.0,0.0,0.0,0.0,4.0,2.2499999994375,2260.8,0,One-Time / Occasional Shoppers
C65890,1,5,1577.85,1577.85,315.57,6.0,1,1,1,0,0,0,2024-01-08,2024-01-08,0,1.0,1.0,1.0,0.0,0.0,5.0,1.19999999976,1577.85,0,One-Time / Occasional Shoppers
C65905,1,5,950.4000000000001,950.4000000000001,190.08,9.0,1,1,0,0,0,1,2024-01-17,2024-01-17,0,1.0,1.0,0.0,0.0,0.0,5.0,1.79999999964,950.4000000000001,0,One-Time / Occasional Shoppers
C65986,1,5,3352.4,3352.4,670.48,5.0,1,1,0,0,1,0,2024-07-01,2024-07-01,0,1.0,1.0,0.0,0.0,1.0,5.0,0.9999999998,3352.4,0,One-Time / Occasional Shoppers
C66078,1,4,1101.12,1101.12,275.28,9.0,1,1,0,0,0,1,2023-10-02,2023-10-02,0,1.0,1.0,0.0,0.0,0.0,4.0,2.2499999994375,1101.12,0,One-Time / Occasional Shoppers
C66093,1,4,2595.64,2595.64,648.91,6.0,1,1,0,0,0,1,2023-06-28,2023-06-28,0,1.0,1.0,0.0,0.0,0.0,4.0,1.499999999625,2595.64,0,One-Time / Occasional Shoppers
C66112,1,4,1866.8,1866.8,466.7,8.0,1,0,0,0,1,0,2024-02-23,2024-02-23,0,1.0,0.0,0.0,0.0,1.0,4.0,1.9999999995,1866.8,0,One-Time / Occasional Shoppers
C66116,1,5,322.45,322.45,64.49,7.0,1,0,0,1,0,0,2025-03-21,2025-03-21,0,1.0,0.0,0.0,1.0,0.0,5.0,1.3999999997199999,322.45,0,One-Time / Occasional Shoppers
C66149,1,4,1537.28,1537.28,384.32,6.0,1,1,0,0,0,0,2024-12-13,2024-12-13,0,1.0,1.0,0.0,0.0,0.0,4.0,1.499999999625,1537.28,0,One-Time / Occasional Shoppers
C66196,1,2,796.9,796.9,398.45,7.0,1,1,0,1,0,0,2024-09-28,2024-09-28,0,1.0,1.0,0.0,1.0,0.0,2.0,3.49999999825,796.9,0,One-Time / Occasional Shoppers
C66254,1,1,515.32,515.32,515.32,1.0,1,1,0,1,0,0,2024-04-20,2024-04-20,0,1.0,1.0,0.0,1.0,0.0,1.0,0.9999999989999999,515.32,0,One-Time / Occasional Shoppers
C66332,1,3,1907.94,1907.94,635.98,5.0,1,0,0,0,1,0,2023-03-10,2023-03-10,0,1.0,0.0,0.0,0.0,1.0,3.0,1.6666666661111111,1907.94,0,One-Time / Occasional Shoppers
C66349,1,1,565.85,565.85,565.85,1.0,1,1,0,0,1,0,2023-03-05,2023-03-05,0,1.0,1.0,0.0,0.0,1.0,1.0,0.9999999989999999,565.85,0,One-Time / Occasional Shoppers
C66438,1,1,90.27,90.27,90.27,5.0,1,1,1,0,0,0,2024-06-09,2024-06-09,0,1.0,1.0,1.0,0.0,0.0,1.0,4.999999995,90.27,0,One-Time / Occasional Shoppers
C66462,1,5,1739.6,1739.6,347.92,6.0,1,1,0,0,0,0,2023-01-18,2023-01-18,0,1.0,1.0,0.0,0.0,0.0,5.0,1.19999999976,1739.6,0,One-Time / Occasional Shoppers
C66521,1,4,1600.28,1600.28,400.07,5.0,1,0,0,0,0,1,2024-06-13,2024-06-13,0,1.0,0.0,0.0,0.0,0.0,4.0,1.2499999996875,1600.28,0,One-Time / Occasional Shoppers
C66567,1,2,79.02,79.02,39.51,5.0,1,0,0,0,0,1,2024-06-19,2024-06-19,0,1.0,0.0,0.0,0.0,0.0,2.0,2.49999999875,79.02,0,One-Time / Occasional Shoppers
C66840,1,4,2313.08,2313.08,578.27,9.0,1,1,1,0,0,0,2023-10-15,2023-10-15,0,1.0,1.0,1.0,0.0,0.0,4.0,2.2499999994375,2313.08,0,One-Time / Occasional Shoppers
C66906,1,2,518.64,518.64,259.32,2.0,1,1,1,0,0,0,2024-04-25,2024-04-25,0,1.0,1.0,1.0,0.0,0.0,2.0,0.9999999995,518.64,0,One-Time / Occasional Shoppers
C67195,1,4,2306.08,2306.08,576.52,5.0,1,1,0,0,0,0,2023-01-07,2023-01-07,0,1.0,1.0,0.0,0.0,0.0,4.0,1.2499999996875,2306.08,0,One-Time / Occasional Shoppers
C67260,1,5,3390.8,3390.8,678.16,7.0,1,1,1,0,0,0,2023-05-02,2023-05-02,0,1.0,1.0,1.0,0.0,0.0,5.0,1.3999999997199999,3390.8,0,One-Time / Occasional Shoppers
C67387,1,5,1418.65,1418.65,283.73,8.0,1,1,0,0,0,0,2025-06-05,2025-06-05,0,1.0,1.0,0.0,0.0,0.0,5.0,1.59999999968,1418.65,0,One-Time / Occasional Shoppers
C67528,1,4,1185.12,1185.12,296.28,5.0,1,1,0,0,0,1,2024-11-24,2024-11-24,0,1.0,1.0,0.0,0.0,0.0,4.0,1.2499999996875,1185.12,0,One-Time / Occasional Shoppers
C67533,1,1,26.95,26.95,26.95,1.0,1,1,1,0,0,0,2024-03-20,2024-03-20,0,1.0,1.0,1.0,0.0,0.0,1.0,0.9999999989999999,26.95,0,One-Time / Occasional Shoppers
C67551,1,4,1955.12,1955.12,488.78,5.0,1,1,0,0,1,0,2024-05-18,2024-05-18,0,1.0,1.0,0.0,0.0,1.0,4.0,1.2499999996875,1955.12,0,One-Time / Occasional Shoppers
C67561,1,3,1660.56,1660.56,553.52,4.0,1,1,0,0,0,1,2023-03-14,2023-03-14,0,1.0,1.0,0.0,0.0,0.0,3.0,1.3333333328888888,1660.56,0,One-Time / Occasional Shoppers
C67583,1,1,338.31,338.31,338.31,3.0,1,0,1,0,0,0,2025-06-10,2025-06-10,0,1.0,0.0,1.0,0.0,0.0,1.0,2.9999999969999998,338.31,0,One-Time / Occasional Shoppers
C67604,1,2,279.38,279.38,139.69,7.0,1,1,0,0,1,0,2024-01-22,2024-01-22,0,1.0,1.0,0.0,0.0,1.0,2.0,3.49999999825,279.38,0,One-Time / Occasional Shoppers
C67687,1,2,868.6,868.6,434.3,7.0,1,1,1,0,0,0,2023-07-09,2023-07-09,0,1.0,1.0,1.0,0.0,0.0,2.0,3.49999999825,868.6,0,One-Time / Occasional Shoppers
C67818,1,1,442.39,442.39,442.39,6.0,1,1,0,0,0,0,2023-11-23,2023-11-23,0,1.0,1.0,0.0,0.0,0.0,1.0,5.9999999939999995,442.39,0,One-Time / Occasional Shoppers
C67870,1,4,1648.8,1648.8,412.2,6.0,1,1,0,0,0,1,2024-02-08,2024-02-08,0,1.0,1.0,0.0,0.0,0.0,4.0,1.499999999625,1648.8,0,One-Time / Occasional Shoppers
C67932,1,3,514.98,514.98,171.66,7.0,1,0,1,0,0,0,2024-12-19,2024-12-19,0,1.0,0.0,1.0,0.0,0.0,3.0,2.3333333325555556,514.98,0,One-Time / Occasional Shoppers
C67936,1,2,1072.5,1072.5,536.25,3.0,1,0,0,0,0,0,2024-10-16,2024-10-16,0,1.0,0.0,0.0,0.0,0.0,2.0,1.49999999925,1072.5,0,One-Time / Occasional Shoppers
C68078,1,2,987.76,987.76,493.88,7.0,1,1,0,0,1,0,2023-02-22,2023-02-22,0,1.0,1.0,0.0,0.0,1.0,2.0,3.49999999825,987.76,0,One-Time / Occasional Shoppers
C68266,1,3,1960.89,1960.89,653.63,7.0,1,1,1,0,0,0,2024-07-26,2024-07-26,0,1.0,1.0,1.0,0.0,0.0,3.0,2.3333333325555556,1960.89,0,One-Time / Occasional Shoppers
C68508,1,1,123.28,123.28,123.28,3.0,1,1,1,0,0,0,2024-07-09,2024-07-09,0,1.0,1.0,1.0,0.0,0.0,1.0,2.9999999969999998,123.28,0,One-Time / Occasional Shoppers
C68553,1,3,742.41,742.41,247.47,4.0,1,1,1,0,0,0,2025-03-23,2025-03-23,0,1.0,1.0,1.0,0.0,0.0,3.0,1.3333333328888888,742.41,0,One-Time / Occasional Shoppers
C68609,1,3,1330.32,1330.32,443.44,3.0,1,1,0,0,0,1,2024-10-22,2024-10-22,0,1.0,1.0,0.0,0.0,0.0,3.0,0.9999999996666666,1330.32,0,One-Time / Occasional Shoppers
C68936,1,3,1662.75,1662.75,554.25,6.0,1,1,0,0,0,1,2023-04-14,2023-04-14,0,1.0,1.0,0.0,0.0,0.0,3.0,1.9999999993333333,1662.75,0,One-Time / Occasional Shoppers
C68937,1,2,850.06,850.06,425.03,2.0,1,1,0,0,1,0,2023-02-15,2023-02-15,0,1.0,1.0,0.0,0.0,1.0,2.0,0.9999999995,850.06,0,One-Time / Occasional Shoppers
C68976,1,5,868.25,868.25,173.65,9.0,1,1,1,0,0,0,2025-05-28,2025-05-28,0,1.0,1.0,1.0,0.0,0.0,5.0,1.79999999964,868.25,0,One-Time / Occasional Shoppers
C69009,1,5,2280.3,2280.3,456.06,10.0,1,0,0,0,0,0,2023-08-07,2023-08-07,0,1.0,0.0,0.0,0.0,0.0,5.0,1.9999999996,2280.3,0,One-Time / Occasional Shoppers
C69021,1,3,1874.52,1874.52,624.84,8.0,1,1,0,1,0,0,2023-03-26,2023-03-26,0,1.0,1.0,0.0,1.0,0.0,3.0,2.6666666657777776,1874.52,0,One-Time / Occasional Shoppers
C69149,1,2,1062.98,1062.98,531.49,7.0,1,1,1,0,0,0,2023-10-14,2023-10-14,0,1.0,1.0,1.0,0.0,0.0,2.0,3.49999999825,1062.98,0,One-Time / Occasional Shoppers
C69167,1,3,165.03,165.03,55.01,7.0,1,1,0,0,0,0,2023-10-20,2023-10-20,0,1.0,1.0,0.0,0.0,0.0,3.0,2.3333333325555556,165.03,0,One-Time / Occasional Shoppers
C69168,1,1,21.19,21.19,21.19,5.0,1,1,0,0,1,0,2023-08-21,2023-08-21,0,1.0,1.0,0.0,0.0,1.0,1.0,4.999999995,21.19,0,One-Time / Occasional Shoppers
C69213,1,4,2579.84,2579.84,644.96,7.0,1,1,0,0,0,0,2024-09-07,2024-09-07,0,1.0,1.0,0.0,0.0,0.0,4.0,1.7499999995625,2579.84,0,One-Time / Occasional Shoppers
C69332,1,3,1695.75,1695.75,565.25,7.0,1,1,0,0,1,0,2023-05-20,2023-05-20,0,1.0,1.0,0.0,0.0,1.0,3.0,2.3333333325555556,1695.75,0,One-Time / Occasional Shoppers
C69396,1,3,1808.25,1808.25,602.75,6.0,1,1,0,0,0,1,2025-03-15,2025-03-15,0,1.0,1.0,0.0,0.0,0.0,3.0,1.9999999993333333,1808.25,0,One-Time / Occasional Shoppers
C69471,1,4,1448.24,1448.24,362.06,4.0,1,0,0,0,1,0,2024-10-11,2024-10-11,0,1.0,0.0,0.0,0.0,1.0,4.0,0.99999999975,1448.24,0,One-Time / Occasional Shoppers
C69476,1,4,996.28,996.28,249.07,5.0,1,1,0,0,1,0,2023-01-10,2023-01-10,0,1.0,1.0,0.0,0.0,1.0,4.0,1.2499999996875,996.28,0,One-Time / Occasional Shoppers
C69542,1,1,422.54,422.54,422.54,1.0,1,1,1,0,0,0,2024-01-23,2024-01-23,0,1.0,1.0,1.0,0.0,0.0,1.0,0.9999999989999999,422.54,0,One-Time / Occasional Shoppers
C69994,1,5,2332.1,2332.1,466.42,5.0,1,0,0,0,1,0,2025-06-24,2025-06-24,0,1.0,0.0,0.0,0.0,1.0,5.0,0.9999999998,2332.1,0,One-Time / Occasional Shoppers
C70010,1,5,1153.85,1153.85,230.77,10.0,1,1,0,0,0,0,2025-06-09,2025-06-09,0,1.0,1.0,0.0,0.0,0.0,5.0,1.9999999996,1153.85,0,One-Time / Occasional Shoppers
C70148,1,5,2647.75,2647.75,529.55,10.0,1,0,0,0,0,1,2023-07-05,2023-07-05,0,1.0,0.0,0.0,0.0,0.0,5.0,1.9999999996,2647.75,0,One-Time / Occasional Shoppers
C70246,1,3,476.22,476.22,158.74,7.0,1,1,0,0,0,0,2023-07-27,2023-07-27,0,1.0,1.0,0.0,0.0,0.0,3.0,2.3333333325555556,476.22,0,One-Time / Occasional Shoppers
C70315,1,4,2024.44,2024.44,506.11,5.0,1,0,0,1,0,0,2023-11-12,2023-11-12,0,1.0,0.0,0.0,1.0,0.0,4.0,1.2499999996875,2024.44,0,One-Time / Occasional Shoppers
C70352,1,1,626.6,626.6,626.6,4.0,1,1,0,0,1,0,2025-02-10,2025-02-10,0,1.0,1.0,0.0,0.0,1.0,1.0,3.9999999959999997,626.6,0,One-Time / Occasional Shoppers
C70412,1,4,2313.12,2313.12,578.28,5.0,1,1,0,1,0,0,2025-06-18,2025-06-18,0,1.0,1.0,0.0,1.0,0.0,4.0,1.2499999996875,2313.12,0,One-Time / Occasional Shoppers
C70426,1,2,672.64,672.64,336.32,3.0,1,0,0,0,1,0,2025-06-20,2025-06-20,0,1.0,0.0,0.0,0.0,1.0,2.0,1.49999999925,672.64,0,One-Time / Occasional Shoppers
C70437,1,4,2620.72,2620.72,655.18,5.0,1,0,0,0,0,1,2023-11-24,2023-11-24,0,1.0,0.0,0.0,0.0,0.0,4.0,1.2499999996875,2620.72,0,One-Time / Occasional Shoppers
C70452,1,4,1265.28,1265.28,316.32,7.0,1,0,1,0,0,0,2024-06-29,2024-06-29,0,1.0,0.0,1.0,0.0,0.0,4.0,1.7499999995625,1265.28,0,One-Time / Occasional Shoppers
C70492,1,4,1984.0,1984.0,496.0,8.0,1,1,0,1,0,0,2025-04-15,2025-04-15,0,1.0,1.0,0.0,1.0,0.0,4.0,1.9999999995,1984.0,0,One-Time / Occasional Shoppers
C70495,1,2,114.14,114.14,57.07,3.0,1,1,0,0,1,0,2024-06-07,2024-06-07,0,1.0,1.0,0.0,0.0,1.0,2.0,1.49999999925,114.14,0,One-Time / Occasional Shoppers
C70506,1,1,454.23,454.23,454.23,3.0,1,0,0,0,1,0,2023-02-25,2023-02-25,0,1.0,0.0,0.0,0.0,1.0,1.0,2.9999999969999998,454.23,0,One-Time / Occasional Shoppers
C70529,1,1,105.92,105.92,105.92,6.0,1,1,0,0,1,0,2023-05-18,2023-05-18,0,1.0,1.0,0.0,0.0,1.0,1.0,5.9999999939999995,105.92,0,One-Time / Occasional Shoppers
C70554,1,3,418.35,418.35,139.45,8.0,1,1,0,0,1,0,2025-04-07,2025-04-07,0,1.0,1.0,0.0,0.0,1.0,3.0,2.6666666657777776,418.35,0,One-Time / Occasional Shoppers
C70566,1,5,2682.9,2682.9,536.58,5.0,1,1,0,0,0,0,2023-12-28,2023-12-28,0,1.0,1.0,0.0,0.0,0.0,5.0,0.9999999998,2682.9,0,One-Time / Occasional Shoppers
C70613,1,5,2323.7,2323.7,464.74,7.0,1,0,1,0,0,0,2023-01-20,2023-01-20,0,1.0,0.0,1.0,0.0,0.0,5.0,1.3999999997199999,2323.7,0,One-Time / Occasional Shoppers
C70633,1,2,367.34,367.34,183.67,3.0,1,1,0,1,0,0,2024-04-07,2024-04-07,0,1.0,1.0,0.0,1.0,0.0,2.0,1.49999999925,367.34,0,One-Time / Occasional Shoppers
C70659,2,8,1853.96,926.98,285.76,6.5,2,1,0,1,1,0,2023-08-20,2025-03-01,559,0.0035714285714285713,0.5,0.0,0.5,0.5,4.0,1.62499999959375,926.98,1,Repeat / Higher-Value Shoppers
C70921,1,2,457.08,457.08,228.54,3.0,1,0,0,0,0,0,2023-01-14,2023-01-14,0,1.0,0.0,0.0,0.0,0.0,2.0,1.49999999925,457.08,0,One-Time / Occasional Shoppers
C70999,1,2,433.32,433.32,216.66,6.0,1,1,0,0,0,0,2024-04-17,2024-04-17,0,1.0,1.0,0.0,0.0,0.0,2.0,2.9999999985,433.32,0,One-Time / Occasional Shoppers
C71035,1,1,436.77,436.77,436.77,5.0,1,1,0,0,1,0,2024-08-03,2024-08-03,0,1.0,1.0,0.0,0.0,1.0,1.0,4.999999995,436.77,0,One-Time / Occasional Shoppers
C71040,1,4,1739.4,1739.4,434.85,4.0,1,1,0,0,0,0,2023-03-25,2023-03-25,0,1.0,1.0,0.0,0.0,0.0,4.0,0.99999999975,1739.4,0,One-Time / Occasional Shoppers
C71076,1,2,511.98,511.98,255.99,4.0,1,1,1,0,0,0,2023-11-14,2023-11-14,0,1.0,1.0,1.0,0.0,0.0,2.0,1.999999999,511.98,0,One-Time / Occasional Shoppers
C71122,1,1,634.4,634.4,634.4,6.0,1,1,0,1,0,0,2023-04-20,2023-04-20,0,1.0,1.0,0.0,1.0,0.0,1.0,5.9999999939999995,634.4,0,One-Time / Occasional Shoppers
C71310,1,5,2922.3,2922.3,584.46,8.0,1,0,0,0,1,0,2024-06-07,2024-06-07,0,1.0,0.0,0.0,0.0,1.0,5.0,1.59999999968,2922.3,0,One-Time / Occasional Shoppers
C71471,1,1,595.54,595.54,595.54,4.0,1,0,0,0,0,1,2024-05-15,2024-05-15,0,1.0,0.0,0.0,0.0,0.0,1.0,3.9999999959999997,595.54,0,One-Time / Occasional Shoppers
C71473,1,5,1709.2,1709.2,341.84,8.0,1,1,0,0,0,1,2024-06-05,2024-06-05,0,1.0,1.0,0.0,0.0,0.0,5.0,1.59999999968,1709.2,0,One-Time / Occasional Shoppers
C71486,1,3,1407.96,1407.96,469.32,3.0,1,0,0,0,0,1,2023-08-10,2023-08-10,0,1.0,0.0,0.0,0.0,0.0,3.0,0.9999999996666666,1407.96,0,One-Time / Occasional Shoppers
C71570,1,4,2137.92,2137.92,534.48,9.0,1,1,0,0,1,0,2024-12-18,2024-12-18,0,1.0,1.0,0.0,0.0,1.0,4.0,2.2499999994375,2137.92,0,One-Time / Occasional Shoppers
C71680,1,4,2270.28,2270.28,567.57,9.0,1,1,0,0,0,0,2024-06-30,2024-06-30,0,1.0,1.0,0.0,0.0,0.0,4.0,2.2499999994375,2270.28,0,One-Time / Occasional Shoppers
C71698,1,5,2446.85,2446.85,489.37,8.0,1,0,0,0,1,0,2025-05-17,2025-05-17,0,1.0,0.0,0.0,0.0,1.0,5.0,1.59999999968,2446.85,0,One-Time / Occasional Shoppers
C71797,1,4,1857.16,1857.16,464.29,5.0,1,1,0,0,1,0,2025-05-10,2025-05-10,0,1.0,1.0,0.0,0.0,1.0,4.0,1.2499999996875,1857.16,0,One-Time / Occasional Shoppers
C71899,1,3,2004.99,2004.99,668.33,4.0,1,1,0,0,0,0,2023-09-24,2023-09-24,0,1.0,1.0,0.0,0.0,0.0,3.0,1.3333333328888888,2004.99,0,One-Time / Occasional Shoppers
C72007,1,3,1298.55,1298.55,432.85,4.0,1,0,0,0,0,0,2024-02-28,2024-02-28,0,1.0,0.0,0.0,0.0,0.0,3.0,1.3333333328888888,1298.55,0,One-Time / Occasional Shoppers
C72043,1,1,394.53,394.53,394.53,2.0,1,1,0,0,0,1,2024-06-04,2024-06-04,0,1.0,1.0,0.0,0.0,0.0,1.0,1.9999999979999998,394.53,0,One-Time / Occasional Shoppers
C72166,1,1,314.38,314.38,314.38,6.0,1,0,0,0,1,0,2024-02-11,2024-02-11,0,1.0,0.0,0.0,0.0,1.0,1.0,5.9999999939999995,314.38,0,One-Time / Occasional Shoppers
C72241,1,4,2709.48,2709.48,677.37,8.0,1,1,0,0,0,0,2023-04-30,2023-04-30,0,1.0,1.0,0.0,0.0,0.0,4.0,1.9999999995,2709.48,0,One-Time / Occasional Shoppers
C72290,1,3,556.2,556.2,185.4,7.0,1,0,0,1,0,0,2024-10-24,2024-10-24,0,1.0,0.0,0.0,1.0,0.0,3.0,2.3333333325555556,556.2,0,One-Time / Occasional Shoppers
C72293,1,3,688.02,688.02,229.34,6.0,1,1,0,0,0,1,2023-11-15,2023-11-15,0,1.0,1.0,0.0,0.0,0.0,3.0,1.9999999993333333,688.02,0,One-Time / Occasional Shoppers
C72533,1,1,376.76,376.76,376.76,5.0,1,1,1,0,0,0,2024-12-16,2024-12-16,0,1.0,1.0,1.0,0.0,0.0,1.0,4.999999995,376.76,0,One-Time / Occasional Shoppers
C72588,1,5,1574.7,1574.7,314.94,8.0,1,1,0,0,0,0,2024-05-06,2024-05-06,0,1.0,1.0,0.0,0.0,0.0,5.0,1.59999999968,1574.7,0,One-Time / Occasional Shoppers
C72596,1,2,770.32,770.32,385.16,7.0,1,1,0,0,0,0,2025-01-10,2025-01-10,0,1.0,1.0,0.0,0.0,0.0,2.0,3.49999999825,770.32,0,One-Time / Occasional Shoppers
C72649,1,5,2853.1,2853.1,570.62,7.0,1,1,0,0,0,1,2023-01-04,2023-01-04,0,1.0,1.0,0.0,0.0,0.0,5.0,1.3999999997199999,2853.1,0,One-Time / Occasional Shoppers
C72664,1,1,627.15,627.15,627.15,5.0,1,1,1,0,0,0,2024-09-07,2024-09-07,0,1.0,1.0,1.0,0.0,0.0,1.0,4.999999995,627.15,0,One-Time / Occasional Shoppers
C72862,1,1,84.8,84.8,84.8,5.0,1,0,0,0,0,0,2023-01-08,2023-01-08,0,1.0,0.0,0.0,0.0,0.0,1.0,4.999999995,84.8,0,One-Time / Occasional Shoppers
C73225,1,2,1100.36,1100.36,550.18,3.0,1,1,0,0,1,0,2025-04-21,2025-04-21,0,1.0,1.0,0.0,0.0,1.0,2.0,1.49999999925,1100.36,0,One-Time / Occasional Shoppers
C73289,1,3,1945.77,1945.77,648.59,4.0,1,1,0,1,0,0,2024-06-06,2024-06-06,0,1.0,1.0,0.0,1.0,0.0,3.0,1.3333333328888888,1945.77,0,One-Time / Occasional Shoppers
C73370,1,1,44.35,44.35,44.35,1.0,1,1,0,1,0,0,2024-04-27,2024-04-27,0,1.0,1.0,0.0,1.0,0.0,1.0,0.9999999989999999,44.35,0,One-Time / Occasional Shoppers
C73514,1,3,1395.15,1395.15,465.05,3.0,1,1,0,1,0,0,2023-09-08,2023-09-08,0,1.0,1.0,0.0,1.0,0.0,3.0,0.9999999996666666,1395.15,0,One-Time / Occasional Shoppers
C73575,1,5,3219.45,3219.45,643.89,8.0,1,1,0,0,1,0,2023-01-12,2023-01-12,0,1.0,1.0,0.0,0.0,1.0,5.0,1.59999999968,3219.45,0,One-Time / Occasional Shoppers
C73587,1,4,1632.84,1632.84,408.21,9.0,1,0,0,0,0,0,2023-07-20,2023-07-20,0,1.0,0.0,0.0,0.0,0.0,4.0,2.2499999994375,1632.84,0,One-Time / Occasional Shoppers
C73629,1,1,265.64,265.64,265.64,3.0,1,1,0,0,1,0,2024-09-22,2024-09-22,0,1.0,1.0,0.0,0.0,1.0,1.0,2.9999999969999998,265.64,0,One-Time / Occasional Shoppers
C73813,1,4,445.2,445.2,111.3,7.0,1,1,0,0,0,0,2023-03-02,2023-03-02,0,1.0,1.0,0.0,0.0,0.0,4.0,1.7499999995625,445.2,0,One-Time / Occasional Shoppers
C73873,1,2,661.38,661.38,330.69,5.0,1,1,0,1,0,0,2023-06-01,2023-06-01,0,1.0,1.0,0.0,1.0,0.0,2.0,2.49999999875,661.38,0,One-Time / Occasional Shoppers
C73893,1,5,1638.4,1638.4,327.68,6.0,1,0,0,0,1,0,2023-10-22,2023-10-22,0,1.0,0.0,0.0,0.0,1.0,5.0,1.19999999976,1638.4,0,One-Time / Occasional Shoppers
C73941,1,2,1250.44,1250.44,625.22,5.0,1,0,0,1,0,0,2023-03-04,2023-03-04,0,1.0,0.0,0.0,1.0,0.0,2.0,2.49999999875,1250.44,0,One-Time / Occasional Shoppers
C73961,1,4,530.24,530.24,132.56,8.0,1,1,0,0,1,0,2023-07-12,2023-07-12,0,1.0,1.0,0.0,0.0,1.0,4.0,1.9999999995,530.24,0,One-Time / Occasional Shoppers
C73996,1,2,287.64,287.64,143.82,6.0,1,1,0,0,1,0,2024-04-13,2024-04-13,0,1.0,1.0,0.0,0.0,1.0,2.0,2.9999999985,287.64,0,One-Time / Occasional Shoppers
C73999,1,2,375.76,375.76,187.88,4.0,1,1,0,0,0,1,2023-06-04,2023-06-04,0,1.0,1.0,0.0,0.0,0.0,2.0,1.999999999,375.76,0,One-Time / Occasional Shoppers
C74003,1,4,1221.28,1221.28,305.32,4.0,1,1,0,1,0,0,2023-03-27,2023-03-27,0,1.0,1.0,0.0,1.0,0.0,4.0,0.99999999975,1221.28,0,One-Time / Occasional Shoppers
C74005,1,5,2240.75,2240.75,448.15,7.0,1,1,0,0,1,0,2023-06-07,2023-06-07,0,1.0,1.0,0.0,0.0,1.0,5.0,1.3999999997199999,2240.75,0,One-Time / Occasional Shoppers
C74138,1,2,196.94,196.94,98.47,3.0,1,0,0,0,1,0,2023-12-19,2023-12-19,0,1.0,0.0,0.0,0.0,1.0,2.0,1.49999999925,196.94,0,One-Time / Occasional Shoppers
C74169,1,1,310.93,310.93,310.93,3.0,1,0,0,1,0,0,2023-01-11,2023-01-11,0,1.0,0.0,0.0,1.0,0.0,1.0,2.9999999969999998,310.93,0,One-Time / Occasional Shoppers
C74359,1,5,1841.25,1841.25,368.25,5.0,1,0,1,0,0,0,2025-06-24,2025-06-24,0,1.0,0.0,1.0,0.0,0.0,5.0,0.9999999998,1841.25,0,One-Time / Occasional Shoppers
C74499,1,2,744.46,744.46,372.23,7.0,1,1,1,0,0,0,2023-05-18,2023-05-18,0,1.0,1.0,1.0,0.0,0.0,2.0,3.49999999825,744.46,0,One-Time / Occasional Shoppers
C74519,1,3,945.81,945.81,315.27,4.0,1,1,0,1,0,0,2023-10-23,2023-10-23,0,1.0,1.0,0.0,1.0,0.0,3.0,1.3333333328888888,945.81,0,One-Time / Occasional Shoppers
C74562,1,1,220.77,220.77,220.77,5.0,1,1,0,0,0,0,2024-04-21,2024-04-21,0,1.0,1.0,0.0,0.0,0.0,1.0,4.999999995,220.77,0,One-Time / Occasional Shoppers
C74866,1,3,1994.37,1994.37,664.79,6.0,1,0,1,0,0,0,2023-02-17,2023-02-17,0,1.0,0.0,1.0,0.0,0.0,3.0,1.9999999993333333,1994.37,0,One-Time / Occasional Shoppers
C74928,1,2,612.48,612.48,306.24,4.0,1,1,0,0,1,0,2024-07-22,2024-07-22,0,1.0,1.0,0.0,0.0,1.0,2.0,1.999999999,612.48,0,One-Time / Occasional Shoppers
C74982,1,5,2042.8,2042.8,408.56,8.0,1,1,1,0,0,0,2023-07-08,2023-07-08,0,1.0,1.0,1.0,0.0,0.0,5.0,1.59999999968,2042.8,0,One-Time / Occasional Shoppers
C75018,1,3,2007.18,2007.18,669.06,7.0,1,1,1,0,0,0,2023-05-31,2023-05-31,0,1.0,1.0,1.0,0.0,0.0,3.0,2.3333333325555556,2007.18,0,One-Time / Occasional Shoppers
C75439,1,3,344.43,344.43,114.81,7.0,1,0,0,1,0,0,2025-06-05,2025-06-05,0,1.0,0.0,0.0,1.0,0.0,3.0,2.3333333325555556,344.43,0,One-Time / Occasional Shoppers
C75456,1,3,276.66,276.66,92.22,5.0,1,1,1,0,0,0,2024-06-23,2024-06-23,0,1.0,1.0,1.0,0.0,0.0,3.0,1.6666666661111111,276.66,0,One-Time / Occasional Shoppers
C75619,1,2,742.58,742.58,371.29,5.0,1,1,0,0,0,1,2023-10-07,2023-10-07,0,1.0,1.0,0.0,0.0,0.0,2.0,2.49999999875,742.58,0,One-Time / Occasional Shoppers
C75739,1,2,302.7,302.7,151.35,3.0,1,1,0,0,0,1,2024-08-23,2024-08-23,0,1.0,1.0,0.0,0.0,0.0,2.0,1.49999999925,302.7,0,One-Time / Occasional Shoppers
C75888,1,3,1346.7,1346.7,448.9,7.0,1,1,0,0,1,0,2023-12-11,2023-12-11,0,1.0,1.0,0.0,0.0,1.0,3.0,2.3333333325555556,1346.7,0,One-Time / Occasional Shoppers
C76140,1,4,826.4,826.4,206.6,6.0,1,1,0,0,1,0,2023-06-05,2023-06-05,0,1.0,1.0,0.0,0.0,1.0,4.0,1.499999999625,826.4,0,One-Time / Occasional Shoppers
C76207,1,5,2606.25,2606.25,521.25,8.0,1,0,0,1,0,0,2023-04-23,2023-04-23,0,1.0,0.0,0.0,1.0,0.0,5.0,1.59999999968,2606.25,0,One-Time / Occasional Shoppers
C76362,1,3,709.5,709.5,236.5,8.0,1,1,1,0,0,0,2024-01-01,2024-01-01,0,1.0,1.0,1.0,0.0,0.0,3.0,2.6666666657777776,709.5,0,One-Time / Occasional Shoppers
C76653,1,4,1539.4,1539.4,384.85,9.0,1,1,1,0,0,0,2023-03-09,2023-03-09,0,1.0,1.0,1.0,0.0,0.0,4.0,2.2499999994375,1539.4,0,One-Time / Occasional Shoppers
C76675,1,3,1991.79,1991.79,663.93,6.0,1,1,0,0,1,0,2023-10-06,2023-10-06,0,1.0,1.0,0.0,0.0,1.0,3.0,1.9999999993333333,1991.79,0,One-Time / Occasional Shoppers
C76700,1,2,623.82,623.82,311.91,2.0,1,0,0,0,0,1,2025-03-10,2025-03-10,0,1.0,0.0,0.0,0.0,0.0,2.0,0.9999999995,623.82,0,One-Time / Occasional Shoppers
C76761,1,4,470.04,470.04,117.51,7.0,1,0,0,0,1,0,2023-03-24,2023-03-24,0,1.0,0.0,0.0,0.0,1.0,4.0,1.7499999995625,470.04,0,One-Time / Occasional Shoppers
C76766,1,4,2512.48,2512.48,628.12,6.0,1,1,1,0,0,0,2024-07-16,2024-07-16,0,1.0,1.0,1.0,0.0,0.0,4.0,1.499999999625,2512.48,0,One-Time / Occasional Shoppers
C76929,1,1,356.81,356.81,356.81,1.0,1,1,1,0,0,0,2023-10-13,2023-10-13,0,1.0,1.0,1.0,0.0,0.0,1.0,0.9999999989999999,356.81,0,One-Time / Occasional Shoppers
C77046,1,4,741.64,741.64,185.41,9.0,1,1,0,0,1,0,2023-01-22,2023-01-22,0,1.0,1.0,0.0,0.0,1.0,4.0,2.2499999994375,741.64,0,One-Time / Occasional Shoppers
C77085,1,4,1050.32,1050.32,262.58,8.0,1,1,0,1,0,0,2024-11-26,2024-11-26,0,1.0,1.0,0.0,1.0,0.0,4.0,1.9999999995,1050.32,0,One-Time / Occasional Shoppers
C77122,1,1,438.37,438.37,438.37,4.0,1,1,0,1,0,0,2024-08-26,2024-08-26,0,1.0,1.0,0.0,1.0,0.0,1.0,3.9999999959999997,438.37,0,One-Time / Occasional Shoppers
C77166,1,3,741.33,741.33,247.11,3.0,1,1,0,0,1,0,2024-05-09,2024-05-09,0,1.0,1.0,0.0,0.0,1.0,3.0,0.9999999996666666,741.33,0,One-Time / Occasional Shoppers
C77272,1,5,2492.4,2492.4,498.48,8.0,1,1,0,0,0,0,2025-01-27,2025-01-27,0,1.0,1.0,0.0,0.0,0.0,5.0,1.59999999968,2492.4,0,One-Time / Occasional Shoppers
C77344,1,1,343.31,343.31,343.31,6.0,1,1,0,0,1,0,2024-07-08,2024-07-08,0,1.0,1.0,0.0,0.0,1.0,1.0,5.9999999939999995,343.31,0,One-Time / Occasional Shoppers
C77357,1,1,474.6,474.6,474.6,4.0,1,1,1,0,0,0,2025-02-22,2025-02-22,0,1.0,1.0,1.0,0.0,0.0,1.0,3.9999999959999997,474.6,0,One-Time / Occasional Shoppers
C77363,1,1,96.81,96.81,96.81,3.0,1,0,0,1,0,0,2024-03-08,2024-03-08,0,1.0,0.0,0.0,1.0,0.0,1.0,2.9999999969999998,96.81,0,One-Time / Occasional Shoppers
C77499,1,3,547.4399999999999,547.4399999999999,182.48,3.0,1,0,1,0,0,0,2023-07-08,2023-07-08,0,1.0,0.0,1.0,0.0,0.0,3.0,0.9999999996666666,547.4399999999999,0,One-Time / Occasional Shoppers
C77736,1,2,798.08,798.08,399.04,3.0,1,1,0,1,0,0,2025-01-02,2025-01-02,0,1.0,1.0,0.0,1.0,0.0,2.0,1.49999999925,798.08,0,One-Time / Occasional Shoppers
C77763,1,3,1508.31,1508.31,502.77,8.0,1,1,0,0,1,0,2023-05-29,2023-05-29,0,1.0,1.0,0.0,0.0,1.0,3.0,2.6666666657777776,1508.31,0,One-Time / Occasional Shoppers
C77800,1,3,1378.02,1378.02,459.34,3.0,1,1,0,0,0,0,2025-01-03,2025-01-03,0,1.0,1.0,0.0,0.0,0.0,3.0,0.9999999996666666,1378.02,0,One-Time / Occasional Shoppers
C77872,1,2,1027.18,1027.18,513.59,4.0,1,1,0,0,1,0,2024-01-15,2024-01-15,0,1.0,1.0,0.0,0.0,1.0,2.0,1.999999999,1027.18,0,One-Time / Occasional Shoppers
C77961,1,3,1087.59,1087.59,362.53,5.0,1,0,0,0,1,0,2025-03-15,2025-03-15,0,1.0,0.0,0.0,0.0,1.0,3.0,1.6666666661111111,1087.59,0,One-Time / Occasional Shoppers
C78170,1,5,341.7,341.7,68.34,6.0,1,1,0,0,0,0,2025-02-08,2025-02-08,0,1.0,1.0,0.0,0.0,0.0,5.0,1.19999999976,341.7,0,One-Time / Occasional Shoppers
C78305,1,3,1092.42,1092.42,364.14,7.0,1,1,0,0,0,0,2025-05-07,2025-05-07,0,1.0,1.0,0.0,0.0,0.0,3.0,2.3333333325555556,1092.42,0,One-Time / Occasional Shoppers
C78500,1,5,2512.35,2512.35,502.47,10.0,1,1,0,0,0,1,2024-12-20,2024-12-20,0,1.0,1.0,0.0,0.0,0.0,5.0,1.9999999996,2512.35,0,One-Time / Occasional Shoppers
C78684,1,3,1765.32,1765.32,588.44,8.0,1,1,0,0,0,1,2024-05-20,2024-05-20,0,1.0,1.0,0.0,0.0,0.0,3.0,2.6666666657777776,1765.32,0,One-Time / Occasional Shoppers
C78724,1,3,1266.39,1266.39,422.13,7.0,1,1,1,0,0,0,2023-04-15,2023-04-15,0,1.0,1.0,1.0,0.0,0.0,3.0,2.3333333325555556,1266.39,0,One-Time / Occasional Shoppers
C78725,1,4,1880.36,1880.36,470.09,4.0,1,1,1,0,0,0,2025-06-01,2025-06-01,0,1.0,1.0,1.0,0.0,0.0,4.0,0.99999999975,1880.36,0,One-Time / Occasional Shoppers
C78959,1,2,632.4,632.4,316.2,2.0,1,0,0,0,1,0,2023-06-06,2023-06-06,0,1.0,0.0,0.0,0.0,1.0,2.0,0.9999999995,632.4,0,One-Time / Occasional Shoppers
C79142,1,1,569.96,569.96,569.96,4.0,1,1,1,0,0,0,2023-04-06,2023-04-06,0,1.0,1.0,1.0,0.0,0.0,1.0,3.9999999959999997,569.96,0,One-Time / Occasional Shoppers
C79475,1,5,2542.95,2542.95,508.59,8.0,1,1,0,0,1,0,2024-04-07,2024-04-07,0,1.0,1.0,0.0,0.0,1.0,5.0,1.59999999968,2542.95,0,One-Time / Occasional Shoppers
C79506,1,2,746.34,746.34,373.17,6.0,1,1,0,0,0,0,2023-07-18,2023-07-18,0,1.0,1.0,0.0,0.0,0.0,2.0,2.9999999985,746.34,0,One-Time / Occasional Shoppers
C79508,1,1,135.17,135.17,135.17,6.0,1,1,0,0,0,1,2024-06-08,2024-06-08,0,1.0,1.0,0.0,0.0,0.0,1.0,5.9999999939999995,135.17,0,One-Time / Occasional Shoppers
C79533,1,5,3008.6,3008.6,601.72,5.0,1,1,0,1,0,0,2024-04-10,2024-04-10,0,1.0,1.0,0.0,1.0,0.0,5.0,0.9999999998,3008.6,0,One-Time / Occasional Shoppers
C79674,1,2,873.68,873.68,436.84,2.0,1,1,1,0,0,0,2023-07-13,2023-07-13,0,1.0,1.0,1.0,0.0,0.0,2.0,0.9999999995,873.68,0,One-Time / Occasional Shoppers
C79722,1,5,1382.2,1382.2,276.44,10.0,1,1,0,0,0,1,2023-08-20,2023-08-20,0,1.0,1.0,0.0,0.0,0.0,5.0,1.9999999996,1382.2,0,One-Time / Occasional Shoppers
C79821,1,1,531.18,531.18,531.18,6.0,1,1,0,0,1,0,2023-02-11,2023-02-11,0,1.0,1.0,0.0,0.0,1.0,1.0,5.9999999939999995,531.18,0,One-Time / Occasional Shoppers
C79842,1,4,945.64,945.64,236.41,7.0,1,1,0,0,0,0,2024-11-26,2024-11-26,0,1.0,1.0,0.0,0.0,0.0,4.0,1.7499999995625,945.64,0,One-Time / Occasional Shoppers
C79909,1,2,137.62,137.62,68.81,5.0,1,1,0,0,0,1,2023-08-04,2023-08-04,0,1.0,1.0,0.0,0.0,0.0,2.0,2.49999999875,137.62,0,One-Time / Occasional Shoppers
C80004,1,3,2052.42,2052.42,684.14,3.0,1,1,0,1,0,0,2023-11-18,2023-11-18,0,1.0,1.0,0.0,1.0,0.0,3.0,0.9999999996666666,2052.42,0,One-Time / Occasional Shoppers
C80135,1,5,1107.55,1107.55,221.51,5.0,1,1,0,0,1,0,2023-08-27,2023-08-27,0,1.0,1.0,0.0,0.0,1.0,5.0,0.9999999998,1107.55,0,One-Time / Occasional Shoppers
C80151,1,4,1723.32,1723.32,430.83,8.0,1,1,0,0,0,0,2025-06-28,2025-06-28,0,1.0,1.0,0.0,0.0,0.0,4.0,1.9999999995,1723.32,0,One-Time / Occasional Shoppers
C80183,1,1,365.57,365.57,365.57,5.0,1,1,0,1,0,0,2023-12-12,2023-12-12,0,1.0,1.0,0.0,1.0,0.0,1.0,4.999999995,365.57,0,One-Time / Occasional Shoppers
C80223,1,4,2651.76,2651.76,662.94,8.0,1,1,0,1,0,0,2025-04-04,2025-04-04,0,1.0,1.0,0.0,1.0,0.0,4.0,1.9999999995,2651.76,0,One-Time / Occasional Shoppers
C80416,1,5,1087.15,1087.15,217.43,10.0,1,1,0,0,0,1,2024-04-09,2024-04-09,0,1.0,1.0,0.0,0.0,0.0,5.0,1.9999999996,1087.15,0,One-Time / Occasional Shoppers
C80649,1,1,312.11,312.11,312.11,4.0,1,1,0,1,0,0,2025-05-03,2025-05-03,0,1.0,1.0,0.0,1.0,0.0,1.0,3.9999999959999997,312.11,0,One-Time / Occasional Shoppers
C80651,1,3,1194.51,1194.51,398.17,5.0,1,1,1,0,0,0,2023-09-26,2023-09-26,0,1.0,1.0,1.0,0.0,0.0,3.0,1.6666666661111111,1194.51,0,One-Time / Occasional Shoppers
C80735,1,2,130.14,130.14,65.07,4.0,1,1,0,1,0,0,2023-11-04,2023-11-04,0,1.0,1.0,0.0,1.0,0.0,2.0,1.999999999,130.14,0,One-Time / Occasional Shoppers
C80868,1,3,1420.47,1420.47,473.49,7.0,1,0,0,0,0,0,2023-05-17,2023-05-17,0,1.0,0.0,0.0,0.0,0.0,3.0,2.3333333325555556,1420.47,0,One-Time / Occasional Shoppers
C80872,1,5,1984.3,1984.3,396.86,9.0,1,1,0,1,0,0,2024-08-13,2024-08-13,0,1.0,1.0,0.0,1.0,0.0,5.0,1.79999999964,1984.3,0,One-Time / Occasional Shoppers
C80987,1,1,132.05,132.05,132.05,2.0,1,0,1,0,0,0,2025-03-07,2025-03-07,0,1.0,0.0,1.0,0.0,0.0,1.0,1.9999999979999998,132.05,0,One-Time / Occasional Shoppers
C81074,1,1,157.72,157.72,157.72,2.0,1,1,1,0,0,0,2024-02-22,2024-02-22,0,1.0,1.0,1.0,0.0,0.0,1.0,1.9999999979999998,157.72,0,One-Time / Occasional Shoppers
C81192,1,3,1939.02,1939.02,646.34,5.0,1,0,0,0,0,0,2024-11-12,2024-11-12,0,1.0,0.0,0.0,0.0,0.0,3.0,1.6666666661111111,1939.02,0,One-Time / Occasional Shoppers
C81319,1,5,1342.15,1342.15,268.43,5.0,1,1,0,0,1,0,2025-03-22,2025-03-22,0,1.0,1.0,0.0,0.0,1.0,5.0,0.9999999998,1342.15,0,One-Time / Occasional Shoppers
C81366,1,1,410.6,410.6,410.6,2.0,1,1,0,1,0,0,2023-01-01,2023-01-01,0,1.0,1.0,0.0,1.0,0.0,1.0,1.9999999979999998,410.6,0,One-Time / Occasional Shoppers
C81370,1,5,2532.25,2532.25,506.45,7.0,1,1,0,0,0,1,2024-12-26,2024-12-26,0,1.0,1.0,0.0,0.0,0.0,5.0,1.3999999997199999,2532.25,0,One-Time / Occasional Shoppers
C81547,1,2,510.52,510.52,255.26,6.0,1,1,0,1,0,0,2024-01-26,2024-01-26,0,1.0,1.0,0.0,1.0,0.0,2.0,2.9999999985,510.52,0,One-Time / Occasional Shoppers
C81573,1,1,36.65,36.65,36.65,1.0,1,1,0,1,0,0,2024-12-05,2024-12-05,0,1.0,1.0,0.0,1.0,0.0,1.0,0.9999999989999999,36.65,0,One-Time / Occasional Shoppers
C81726,1,4,2161.36,2161.36,540.34,6.0,1,1,0,0,0,1,2023-06-23,2023-06-23,0,1.0,1.0,0.0,0.0,0.0,4.0,1.499999999625,2161.36,0,One-Time / Occasional Shoppers
C81728,1,5,2753.4,2753.4,550.68,8.0,1,1,0,1,0,0,2024-02-27,2024-02-27,0,1.0,1.0,0.0,1.0,0.0,5.0,1.59999999968,2753.4,0,One-Time / Occasional Shoppers
C81840,1,4,2504.04,2504.04,626.01,8.0,1,1,1,0,0,0,2025-05-08,2025-05-08,0,1.0,1.0,1.0,0.0,0.0,4.0,1.9999999995,2504.04,0,One-Time / Occasional Shoppers
C81857,1,2,1127.64,1127.64,563.82,3.0,1,0,0,0,0,0,2024-06-17,2024-06-17,0,1.0,0.0,0.0,0.0,0.0,2.0,1.49999999925,1127.64,0,One-Time / Occasional Shoppers
C81882,1,3,463.92,463.92,154.64,6.0,1,1,0,0,0,0,2023-11-09,2023-11-09,0,1.0,1.0,0.0,0.0,0.0,3.0,1.9999999993333333,463.92,0,One-Time / Occasional Shoppers
C82068,1,1,408.13,408.13,408.13,3.0,1,1,0,0,0,1,2023-01-23,2023-01-23,0,1.0,1.0,0.0,0.0,0.0,1.0,2.9999999969999998,408.13,0,One-Time / Occasional Shoppers
C82217,1,4,1717.48,1717.48,429.37,8.0,1,1,1,0,0,0,2024-10-03,2024-10-03,0,1.0,1.0,1.0,0.0,0.0,4.0,1.9999999995,1717.48,0,One-Time / Occasional Shoppers
C82313,1,3,197.58,197.58,65.86,8.0,1,1,0,0,0,0,2023-07-27,2023-07-27,0,1.0,1.0,0.0,0.0,0.0,3.0,2.6666666657777776,197.58,0,One-Time / Occasional Shoppers
C82318,1,1,528.06,528.06,528.06,2.0,1,0,0,0,0,1,2024-02-25,2024-02-25,0,1.0,0.0,0.0,0.0,0.0,1.0,1.9999999979999998,528.06,0,One-Time / Occasional Shoppers
C82344,1,3,2028.63,2028.63,676.21,5.0,1,1,1,0,0,0,2024-11-10,2024-11-10,0,1.0,1.0,1.0,0.0,0.0,3.0,1.6666666661111111,2028.63,0,One-Time / Occasional Shoppers
C82399,1,1,158.68,158.68,158.68,6.0,1,1,0,0,1,0,2024-03-01,2024-03-01,0,1.0,1.0,0.0,0.0,1.0,1.0,5.9999999939999995,158.68,0,One-Time / Occasional Shoppers
C82550,1,2,667.66,667.66,333.83,4.0,1,1,0,1,0,0,2023-08-23,2023-08-23,0,1.0,1.0,0.0,1.0,0.0,2.0,1.999999999,667.66,0,One-Time / Occasional Shoppers
C82685,1,3,475.98,475.98,158.66,7.0,1,1,1,0,0,0,2023-05-13,2023-05-13,0,1.0,1.0,1.0,0.0,0.0,3.0,2.3333333325555556,475.98,0,One-Time / Occasional Shoppers
C82781,1,4,109.68,109.68,27.42,4.0,1,1,0,0,0,0,2023-04-20,2023-04-20,0,1.0,1.0,0.0,0.0,0.0,4.0,0.99999999975,109.68,0,One-Time / Occasional Shoppers
C82858,1,3,593.91,593.91,197.97,5.0,1,0,0,1,0,0,2023-08-24,2023-08-24,0,1.0,0.0,0.0,1.0,0.0,3.0,1.6666666661111111,593.91,0,One-Time / Occasional Shoppers
C82921,1,1,208.36,208.36,208.36,4.0,1,1,0,0,0,1,2024-10-04,2024-10-04,0,1.0,1.0,0.0,0.0,0.0,1.0,3.9999999959999997,208.36,0,One-Time / Occasional Shoppers
C82990,1,2,300.1,300.1,150.05,4.0,1,1,0,1,0,0,2023-01-02,2023-01-02,0,1.0,1.0,0.0,1.0,0.0,2.0,1.999999999,300.1,0,One-Time / Occasional Shoppers
C83026,1,5,1686.9,1686.9,337.38,5.0,1,0,0,0,0,1,2023-04-09,2023-04-09,0,1.0,0.0,0.0,0.0,0.0,5.0,0.9999999998,1686.9,0,One-Time / Occasional Shoppers
C83223,1,4,650.84,650.84,162.71,7.0,1,1,0,1,0,0,2024-04-18,2024-04-18,0,1.0,1.0,0.0,1.0,0.0,4.0,1.7499999995625,650.84,0,One-Time / Occasional Shoppers
C83492,1,1,664.42,664.42,664.42,6.0,1,1,0,0,1,0,2025-06-17,2025-06-17,0,1.0,1.0,0.0,0.0,1.0,1.0,5.9999999939999995,664.42,0,One-Time / Occasional Shoppers
C83548,1,1,144.25,144.25,144.25,2.0,1,1,0,0,1,0,2024-10-06,2024-10-06,0,1.0,1.0,0.0,0.0,1.0,1.0,1.9999999979999998,144.25,0,One-Time / Occasional Shoppers
C83556,1,4,1059.16,1059.16,264.79,5.0,1,1,0,0,0,0,2024-02-03,2024-02-03,0,1.0,1.0,0.0,0.0,0.0,4.0,1.2499999996875,1059.16,0,One-Time / Occasional Shoppers
C83653,1,4,925.04,925.04,231.26,6.0,1,1,0,0,0,1,2023-05-02,2023-05-02,0,1.0,1.0,0.0,0.0,0.0,4.0,1.499999999625,925.04,0,One-Time / Occasional Shoppers
C83911,1,4,2799.52,2799.52,699.88,5.0,1,1,0,0,0,0,2025-06-19,2025-06-19,0,1.0,1.0,0.0,0.0,0.0,4.0,1.2499999996875,2799.52,0,One-Time / Occasional Shoppers
C84041,1,2,1001.6,1001.6,500.8,3.0,1,1,1,0,0,0,2025-02-10,2025-02-10,0,1.0,1.0,1.0,0.0,0.0,2.0,1.49999999925,1001.6,0,One-Time / Occasional Shoppers
C84115,1,3,1362.87,1362.87,454.29,4.0,1,1,0,0,0,0,2024-06-13,2024-06-13,0,1.0,1.0,0.0,0.0,0.0,3.0,1.3333333328888888,1362.87,0,One-Time / Occasional Shoppers
C84134,1,4,2772.28,2772.28,693.07,8.0,1,1,0,0,0,1,2025-03-23,2025-03-23,0,1.0,1.0,0.0,0.0,0.0,4.0,1.9999999995,2772.28,0,One-Time / Occasional Shoppers
C84320,1,3,208.95,208.95,69.65,7.0,1,1,1,0,0,0,2023-10-14,2023-10-14,0,1.0,1.0,1.0,0.0,0.0,3.0,2.3333333325555556,208.95,0,One-Time / Occasional Shoppers
C84329,1,1,431.44,431.44,431.44,3.0,1,1,0,0,0,0,2025-03-26,2025-03-26,0,1.0,1.0,0.0,0.0,0.0,1.0,2.9999999969999998,431.44,0,One-Time / Occasional Shoppers
C84331,1,5,3223.2,3223.2,644.64,6.0,1,1,0,1,0,0,2024-02-17,2024-02-17,0,1.0,1.0,0.0,1.0,0.0,5.0,1.19999999976,3223.2,0,One-Time / Occasional Shoppers
C84480,1,5,2342.55,2342.55,468.51,9.0,1,0,1,0,0,0,2025-04-17,2025-04-17,0,1.0,0.0,1.0,0.0,0.0,5.0,1.79999999964,2342.55,0,One-Time / Occasional Shoppers
C84524,1,4,2071.92,2071.92,517.98,8.0,1,1,0,1,0,0,2024-06-16,2024-06-16,0,1.0,1.0,0.0,1.0,0.0,4.0,1.9999999995,2071.92,0,One-Time / Occasional Shoppers
C84563,1,2,472.66,472.66,236.33,3.0,1,1,0,0,0,0,2024-04-10,2024-04-10,0,1.0,1.0,0.0,0.0,0.0,2.0,1.49999999925,472.66,0,One-Time / Occasional Shoppers
C84570,1,4,120.2,120.2,30.05,6.0,1,0,0,0,1,0,2024-12-03,2024-12-03,0,1.0,0.0,0.0,0.0,1.0,4.0,1.499999999625,120.2,0,One-Time / Occasional Shoppers
C84630,1,5,2592.75,2592.75,518.55,6.0,1,1,0,1,0,0,2023-01-08,2023-01-08,0,1.0,1.0,0.0,1.0,0.0,5.0,1.19999999976,2592.75,0,One-Time / Occasional Shoppers
C84645,1,2,822.98,822.98,411.49,4.0,1,0,0,0,1,0,2025-04-30,2025-04-30,0,1.0,0.0,0.0,0.0,1.0,2.0,1.999999999,822.98,0,One-Time / Occasional Shoppers
C84700,1,5,1599.85,1599.85,319.97,7.0,1,1,0,0,0,1,2023-01-11,2023-01-11,0,1.0,1.0,0.0,0.0,0.0,5.0,1.3999999997199999,1599.85,0,One-Time / Occasional Shoppers
C84766,1,2,688.04,688.04,344.02,4.0,1,1,1,0,0,0,2023-08-20,2023-08-20,0,1.0,1.0,1.0,0.0,0.0,2.0,1.999999999,688.04,0,One-Time / Occasional Shoppers
C84834,1,3,409.02,409.02,136.34,8.0,1,1,0,0,1,0,2024-03-27,2024-03-27,0,1.0,1.0,0.0,0.0,1.0,3.0,2.6666666657777776,409.02,0,One-Time / Occasional Shoppers
C84888,1,1,51.73,51.73,51.73,1.0,1,1,0,0,0,0,2023-04-21,2023-04-21,0,1.0,1.0,0.0,0.0,0.0,1.0,0.9999999989999999,51.73,0,One-Time / Occasional Shoppers
C84908,1,1,420.26,420.26,420.26,4.0,1,1,0,0,0,0,2025-01-28,2025-01-28,0,1.0,1.0,0.0,0.0,0.0,1.0,3.9999999959999997,420.26,0,One-Time / Occasional Shoppers
C85018,1,3,824.25,824.25,274.75,3.0,1,1,0,1,0,0,2024-11-06,2024-11-06,0,1.0,1.0,0.0,1.0,0.0,3.0,0.9999999996666666,824.25,0,One-Time / Occasional Shoppers
C85059,1,4,987.4,987.4,246.85,8.0,1,1,0,0,0,1,2023-04-28,2023-04-28,0,1.0,1.0,0.0,0.0,0.0,4.0,1.9999999995,987.4,0,One-Time / Occasional Shoppers
C85074,1,4,934.8,934.8,233.7,8.0,1,1,0,0,0,1,2025-03-12,2025-03-12,0,1.0,1.0,0.0,0.0,0.0,4.0,1.9999999995,934.8,0,One-Time / Occasional Shoppers
C85282,1,5,3143.7,3143.7,628.74,9.0,1,1,0,1,0,0,2023-11-24,2023-11-24,0,1.0,1.0,0.0,1.0,0.0,5.0,1.79999999964,3143.7,0,One-Time / Occasional Shoppers
C85322,1,3,813.06,813.06,271.02,6.0,1,0,0,1,0,0,2023-05-01,2023-05-01,0,1.0,0.0,0.0,1.0,0.0,3.0,1.9999999993333333,813.06,0,One-Time / Occasional Shoppers
C85330,1,5,1140.45,1140.45,228.09,9.0,1,1,0,0,1,0,2025-03-02,2025-03-02,0,1.0,1.0,0.0,0.0,1.0,5.0,1.79999999964,1140.45,0,One-Time / Occasional Shoppers
C85421,1,3,1641.45,1641.45,547.15,4.0,1,1,0,0,0,1,2024-10-07,2024-10-07,0,1.0,1.0,0.0,0.0,0.0,3.0,1.3333333328888888,1641.45,0,One-Time / Occasional Shoppers
C85466,1,3,441.87,441.87,147.29,3.0,1,1,0,0,0,1,2024-10-18,2024-10-18,0,1.0,1.0,0.0,0.0,0.0,3.0,0.9999999996666666,441.87,0,One-Time / Occasional Shoppers
C85520,1,4,1862.64,1862.64,465.66,9.0,1,1,0,0,1,0,2023-09-07,2023-09-07,0,1.0,1.0,0.0,0.0,1.0,4.0,2.2499999994375,1862.64,0,One-Time / Occasional Shoppers
C85841,1,4,2597.88,2597.88,649.47,8.0,1,1,0,0,0,0,2023-01-28,2023-01-28,0,1.0,1.0,0.0,0.0,0.0,4.0,1.9999999995,2597.88,0,One-Time / Occasional Shoppers
C85863,1,3,397.4399999999999,397.4399999999999,132.48,4.0,1,0,0,0,0,1,2024-02-24,2024-02-24,0,1.0,0.0,0.0,0.0,0.0,3.0,1.3333333328888888,397.4399999999999,0,One-Time / Occasional Shoppers
C85929,1,3,440.73,440.73,146.91,6.0,1,1,1,0,0,0,2024-03-02,2024-03-02,0,1.0,1.0,1.0,0.0,0.0,3.0,1.9999999993333333,440.73,0,One-Time / Occasional Shoppers
C85993,1,4,2189.28,2189.28,547.32,8.0,1,1,0,0,1,0,2023-08-13,2023-08-13,0,1.0,1.0,0.0,0.0,1.0,4.0,1.9999999995,2189.28,0,One-Time / Occasional Shoppers
C86064,1,3,834.1200000000001,834.1200000000001,278.04,5.0,1,0,1,0,0,0,2023-07-06,2023-07-06,0,1.0,0.0,1.0,0.0,0.0,3.0,1.6666666661111111,834.1200000000001,0,One-Time / Occasional Shoppers
C86266,1,4,1618.32,1618.32,404.58,5.0,1,1,0,0,0,1,2024-07-24,2024-07-24,0,1.0,1.0,0.0,0.0,0.0,4.0,1.2499999996875,1618.32,0,One-Time / Occasional Shoppers
C86374,1,5,1363.85,1363.85,272.77,7.0,1,1,0,0,0,0,2023-09-06,2023-09-06,0,1.0,1.0,0.0,0.0,0.0,5.0,1.3999999997199999,1363.85,0,One-Time / Occasional Shoppers
C86408,1,4,84.28,84.28,21.07,4.0,1,1,1,0,0,0,2023-02-17,2023-02-17,0,1.0,1.0,1.0,0.0,0.0,4.0,0.99999999975,84.28,0,One-Time / Occasional Shoppers
C86481,1,1,171.59,171.59,171.59,5.0,1,1,0,0,0,0,2023-07-05,2023-07-05,0,1.0,1.0,0.0,0.0,0.0,1.0,4.999999995,171.59,0,One-Time / Occasional Shoppers
C86524,1,2,732.46,732.46,366.23,2.0,1,1,0,0,0,1,2023-11-15,2023-11-15,0,1.0,1.0,0.0,0.0,0.0,2.0,0.9999999995,732.46,0,One-Time / Occasional Shoppers
C86762,1,5,2043.65,2043.65,408.73,10.0,1,1,1,0,0,0,2024-10-18,2024-10-18,0,1.0,1.0,1.0,0.0,0.0,5.0,1.9999999996,2043.65,0,One-Time / Occasional Shoppers
C86773,1,4,789.44,789.44,197.36,9.0,1,1,0,0,1,0,2023-06-09,2023-06-09,0,1.0,1.0,0.0,0.0,1.0,4.0,2.2499999994375,789.44,0,One-Time / Occasional Shoppers
C86864,1,2,92.72,92.72,46.36,4.0,1,1,0,0,1,0,2025-04-18,2025-04-18,0,1.0,1.0,0.0,0.0,1.0,2.0,1.999999999,92.72,0,One-Time / Occasional Shoppers
C87011,1,4,101.16,101.16,25.29,8.0,1,0,0,0,0,0,2023-02-18,2023-02-18,0,1.0,0.0,0.0,0.0,0.0,4.0,1.9999999995,101.16,0,One-Time / Occasional Shoppers
C87051,1,1,72.31,72.31,72.31,1.0,1,1,0,1,0,0,2023-05-26,2023-05-26,0,1.0,1.0,0.0,1.0,0.0,1.0,0.9999999989999999,72.31,0,One-Time / Occasional Shoppers
C87124,1,1,198.51,198.51,198.51,5.0,1,1,0,0,1,0,2024-04-16,2024-04-16,0,1.0,1.0,0.0,0.0,1.0,1.0,4.999999995,198.51,0,One-Time / Occasional Shoppers
C87181,1,4,2619.16,2619.16,654.79,9.0,1,0,0,0,0,0,2023-07-27,2023-07-27,0,1.0,0.0,0.0,0.0,0.0,4.0,2.2499999994375,2619.16,0,One-Time / Occasional Shoppers
C87216,1,5,1580.35,1580.35,316.07,10.0,1,0,0,0,1,0,2023-03-18,2023-03-18,0,1.0,0.0,0.0,0.0,1.0,5.0,1.9999999996,1580.35,0,One-Time / Occasional Shoppers
C87281,1,5,3243.25,3243.25,648.65,7.0,1,0,0,0,0,0,2024-01-29,2024-01-29,0,1.0,0.0,0.0,0.0,0.0,5.0,1.3999999997199999,3243.25,0,One-Time / Occasional Shoppers
C87432,1,4,1208.2,1208.2,302.05,6.0,1,1,0,1,0,0,2025-06-20,2025-06-20,0,1.0,1.0,0.0,1.0,0.0,4.0,1.499999999625,1208.2,0,One-Time / Occasional Shoppers
C87448,1,1,450.07,450.07,450.07,6.0,1,1,0,0,0,1,2023-06-07,2023-06-07,0,1.0,1.0,0.0,0.0,0.0,1.0,5.9999999939999995,450.07,0,One-Time / Occasional Shoppers
C87524,1,1,625.0,625.0,625.0,5.0,1,1,0,0,1,0,2025-01-23,2025-01-23,0,1.0,1.0,0.0,0.0,1.0,1.0,4.999999995,625.0,0,One-Time / Occasional Shoppers
C87529,1,4,987.64,987.64,246.91,8.0,1,1,0,0,0,0,2025-06-09,2025-06-09,0,1.0,1.0,0.0,0.0,0.0,4.0,1.9999999995,987.64,0,One-Time / Occasional Shoppers
C87547,1,4,380.12,380.12,95.03,8.0,1,1,0,0,0,1,2025-01-16,2025-01-16,0,1.0,1.0,0.0,0.0,0.0,4.0,1.9999999995,380.12,0,One-Time / Occasional Shoppers
C87687,1,3,1137.21,1137.21,379.07,3.0,1,1,0,0,0,0,2023-12-11,2023-12-11,0,1.0,1.0,0.0,0.0,0.0,3.0,0.9999999996666666,1137.21,0,One-Time / Occasional Shoppers
C87764,1,2,206.82,206.82,103.41,2.0,1,1,0,0,0,1,2024-02-26,2024-02-26,0,1.0,1.0,0.0,0.0,0.0,2.0,0.9999999995,206.82,0,One-Time / Occasional Shoppers
C87777,1,2,816.64,816.64,408.32,3.0,1,1,0,0,0,1,2024-10-08,2024-10-08,0,1.0,1.0,0.0,0.0,0.0,2.0,1.49999999925,816.64,0,One-Time / Occasional Shoppers
C87994,1,4,2392.76,2392.76,598.19,7.0,1,1,1,0,0,0,2023-10-05,2023-10-05,0,1.0,1.0,1.0,0.0,0.0,4.0,1.7499999995625,2392.76,0,One-Time / Occasional Shoppers
C87995,1,4,1925.92,1925.92,481.48,5.0,1,1,1,0,0,0,2024-09-03,2024-09-03,0,1.0,1.0,1.0,0.0,0.0,4.0,1.2499999996875,1925.92,0,One-Time / Occasional Shoppers
C88029,1,5,3277.75,3277.75,655.55,5.0,1,0,1,0,0,0,2025-06-14,2025-06-14,0,1.0,0.0,1.0,0.0,0.0,5.0,0.9999999998,3277.75,0,One-Time / Occasional Shoppers
C88036,1,5,1571.35,1571.35,314.27,6.0,1,1,0,0,1,0,2023-01-22,2023-01-22,0,1.0,1.0,0.0,0.0,1.0,5.0,1.19999999976,1571.35,0,One-Time / Occasional Shoppers
C88075,1,5,2651.7,2651.7,530.34,9.0,1,1,0,0,0,1,2024-03-11,2024-03-11,0,1.0,1.0,0.0,0.0,0.0,5.0,1.79999999964,2651.7,0,One-Time / Occasional Shoppers
C88174,1,1,18.2,18.2,18.2,4.0,1,1,0,0,0,0,2023-12-29,2023-12-29,0,1.0,1.0,0.0,0.0,0.0,1.0,3.9999999959999997,18.2,0,One-Time / Occasional Shoppers
C88205,1,5,3215.15,3215.15,643.03,5.0,1,1,0,1,0,0,2024-06-19,2024-06-19,0,1.0,1.0,0.0,1.0,0.0,5.0,0.9999999998,3215.15,0,One-Time / Occasional Shoppers
C88304,1,2,768.28,768.28,384.14,2.0,1,1,0,0,1,0,2023-05-27,2023-05-27,0,1.0,1.0,0.0,0.0,1.0,2.0,0.9999999995,768.28,0,One-Time / Occasional Shoppers
C88348,1,3,604.47,604.47,201.49,4.0,1,1,0,0,1,0,2023-08-30,2023-08-30,0,1.0,1.0,0.0,0.0,1.0,3.0,1.3333333328888888,604.47,0,One-Time / Occasional Shoppers
C88370,1,2,279.9,279.9,139.95,5.0,1,0,0,0,1,0,2023-04-10,2023-04-10,0,1.0,0.0,0.0,0.0,1.0,2.0,2.49999999875,279.9,0,One-Time / Occasional Shoppers
C88371,1,4,1132.64,1132.64,283.16,6.0,1,0,0,0,0,1,2024-12-25,2024-12-25,0,1.0,0.0,0.0,0.0,0.0,4.0,1.499999999625,1132.64,0,One-Time / Occasional Shoppers
C88463,1,5,2539.7,2539.7,507.94,9.0,1,0,0,1,0,0,2023-02-16,2023-02-16,0,1.0,0.0,0.0,1.0,0.0,5.0,1.79999999964,2539.7,0,One-Time / Occasional Shoppers
C88546,1,4,813.84,813.84,203.46,7.0,1,1,0,0,0,0,2024-02-04,2024-02-04,0,1.0,1.0,0.0,0.0,0.0,4.0,1.7499999995625,813.84,0,One-Time / Occasional Shoppers
C88644,1,1,392.61,392.61,392.61,4.0,1,1,0,1,0,0,2023-02-26,2023-02-26,0,1.0,1.0,0.0,1.0,0.0,1.0,3.9999999959999997,392.61,0,One-Time / Occasional Shoppers
C88645,1,3,1751.16,1751.16,583.72,5.0,1,1,0,0,0,1,2024-03-14,2024-03-14,0,1.0,1.0,0.0,0.0,0.0,3.0,1.6666666661111111,1751.16,0,One-Time / Occasional Shoppers
C88775,1,5,1989.05,1989.05,397.81,5.0,1,1,0,0,1,0,2023-08-20,2023-08-20,0,1.0,1.0,0.0,0.0,1.0,5.0,0.9999999998,1989.05,0,One-Time / Occasional Shoppers
C88933,1,1,92.04,92.04,92.04,2.0,1,0,0,0,0,1,2023-01-07,2023-01-07,0,1.0,0.0,0.0,0.0,0.0,1.0,1.9999999979999998,92.04,0,One-Time / Occasional Shoppers
C88981,1,4,2445.04,2445.04,611.26,5.0,1,1,0,0,0,1,2023-02-03,2023-02-03,0,1.0,1.0,0.0,0.0,0.0,4.0,1.2499999996875,2445.04,0,One-Time / Occasional Shoppers
C89336,1,1,92.79,92.79,92.79,3.0,1,1,0,0,0,0,2023-03-22,2023-03-22,0,1.0,1.0,0.0,0.0,0.0,1.0,2.9999999969999998,92.79,0,One-Time / Occasional Shoppers
C89559,1,2,662.84,662.84,331.42,6.0,1,1,1,0,0,0,2023-04-08,2023-04-08,0,1.0,1.0,1.0,0.0,0.0,2.0,2.9999999985,662.84,0,One-Time / Occasional Shoppers
C89592,1,5,2547.9,2547.9,509.58,6.0,1,1,1,0,0,0,2023-10-18,2023-10-18,0,1.0,1.0,1.0,0.0,0.0,5.0,1.19999999976,2547.9,0,One-Time / Occasional Shoppers
C89674,1,2,1151.66,1151.66,575.83,3.0,1,1,1,0,0,0,2025-01-18,2025-01-18,0,1.0,1.0,1.0,0.0,0.0,2.0,1.49999999925,1151.66,0,One-Time / Occasional Shoppers
C89732,1,1,406.22,406.22,406.22,5.0,1,1,0,1,0,0,2024-04-23,2024-04-23,0,1.0,1.0,0.0,1.0,0.0,1.0,4.999999995,406.22,0,One-Time / Occasional Shoppers
C89822,1,1,410.78,410.78,410.78,1.0,1,1,0,1,0,0,2023-11-30,2023-11-30,0,1.0,1.0,0.0,1.0,0.0,1.0,0.9999999989999999,410.78,0,One-Time / Occasional Shoppers
C89979,1,5,3170.0,3170.0,634.0,8.0,1,0,1,0,0,0,2024-06-20,2024-06-20,0,1.0,0.0,1.0,0.0,0.0,5.0,1.59999999968,3170.0,0,One-Time / Occasional Shoppers
C90110,1,1,418.36,418.36,418.36,5.0,1,1,1,0,0,0,2025-06-21,2025-06-21,0,1.0,1.0,1.0,0.0,0.0,1.0,4.999999995,418.36,0,One-Time / Occasional Shoppers
C90132,1,5,1304.65,1304.65,260.93,9.0,1,1,1,0,0,0,2023-06-21,2023-06-21,0,1.0,1.0,1.0,0.0,0.0,5.0,1.79999999964,1304.65,0,One-Time / Occasional Shoppers
C90142,1,1,334.39,334.39,334.39,2.0,1,0,0,0,1,0,2024-07-24,2024-07-24,0,1.0,0.0,0.0,0.0,1.0,1.0,1.9999999979999998,334.39,0,One-Time / Occasional Shoppers
C90292,1,4,1105.28,1105.28,276.32,5.0,1,0,1,0,0,0,2023-04-24,2023-04-24,0,1.0,0.0,1.0,0.0,0.0,4.0,1.2499999996875,1105.28,0,One-Time / Occasional Shoppers
C90310,1,4,762.56,762.56,190.64,5.0,1,1,1,0,0,0,2024-12-11,2024-12-11,0,1.0,1.0,1.0,0.0,0.0,4.0,1.2499999996875,762.56,0,One-Time / Occasional Shoppers
C90318,1,2,1259.12,1259.12,629.56,5.0,1,1,0,1,0,0,2025-02-04,2025-02-04,0,1.0,1.0,0.0,1.0,0.0,2.0,2.49999999875,1259.12,0,One-Time / Occasional Shoppers
C90348,1,4,899.0,899.0,224.75,7.0,1,1,1,0,0,0,2024-03-26,2024-03-26,0,1.0,1.0,1.0,0.0,0.0,4.0,1.7499999995625,899.0,0,One-Time / Occasional Shoppers
C90350,1,2,367.34,367.34,183.67,6.0,1,1,0,1,0,0,2023-05-19,2023-05-19,0,1.0,1.0,0.0,1.0,0.0,2.0,2.9999999985,367.34,0,One-Time / Occasional Shoppers
C90363,1,5,3044.55,3044.55,608.91,6.0,1,1,0,0,0,0,2024-06-09,2024-06-09,0,1.0,1.0,0.0,0.0,0.0,5.0,1.19999999976,3044.55,0,One-Time / Occasional Shoppers
C90431,1,2,844.68,844.68,422.34,4.0,1,1,0,1,0,0,2025-06-23,2025-06-23,0,1.0,1.0,0.0,1.0,0.0,2.0,1.999999999,844.68,0,One-Time / Occasional Shoppers
C90573,1,1,438.93,438.93,438.93,3.0,1,1,0,1,0,0,2023-07-24,2023-07-24,0,1.0,1.0,0.0,1.0,0.0,1.0,2.9999999969999998,438.93,0,One-Time / Occasional Shoppers
C90595,1,5,391.45,391.45,78.29,5.0,1,1,0,0,0,1,2025-03-14,2025-03-14,0,1.0,1.0,0.0,0.0,0.0,5.0,0.9999999998,391.45,0,One-Time / Occasional Shoppers
C90612,1,3,1103.25,1103.25,367.75,7.0,1,1,0,0,0,0,2024-01-29,2024-01-29,0,1.0,1.0,0.0,0.0,0.0,3.0,2.3333333325555556,1103.25,0,One-Time / Occasional Shoppers
C90757,1,4,1979.36,1979.36,494.84,8.0,1,1,0,0,1,0,2023-12-04,2023-12-04,0,1.0,1.0,0.0,0.0,1.0,4.0,1.9999999995,1979.36,0,One-Time / Occasional Shoppers
C90852,1,3,1725.03,1725.03,575.01,8.0,1,1,0,1,0,0,2023-05-23,2023-05-23,0,1.0,1.0,0.0,1.0,0.0,3.0,2.6666666657777776,1725.03,0,One-Time / Occasional Shoppers
C90898,1,5,1491.95,1491.95,298.39,7.0,1,1,0,1,0,0,2024-08-04,2024-08-04,0,1.0,1.0,0.0,1.0,0.0,5.0,1.3999999997199999,1491.95,0,One-Time / Occasional Shoppers
C90993,1,4,153.12,153.12,38.28,4.0,1,1,0,1,0,0,2024-06-08,2024-06-08,0,1.0,1.0,0.0,1.0,0.0,4.0,0.99999999975,153.12,0,One-Time / Occasional Shoppers
C91029,1,4,2131.48,2131.48,532.87,9.0,1,1,0,0,0,0,2024-01-03,2024-01-03,0,1.0,1.0,0.0,0.0,0.0,4.0,2.2499999994375,2131.48,0,One-Time / Occasional Shoppers
C91099,1,2,1025.3,1025.3,512.65,5.0,1,1,0,0,0,1,2024-11-06,2024-11-06,0,1.0,1.0,0.0,0.0,0.0,2.0,2.49999999875,1025.3,0,One-Time / Occasional Shoppers
C91103,1,4,1023.44,1023.44,255.86,7.0,1,0,1,0,0,0,2023-06-17,2023-06-17,0,1.0,0.0,1.0,0.0,0.0,4.0,1.7499999995625,1023.44,0,One-Time / Occasional Shoppers
C91123,1,4,1202.24,1202.24,300.56,9.0,1,1,0,1,0,0,2025-04-26,2025-04-26,0,1.0,1.0,0.0,1.0,0.0,4.0,2.2499999994375,1202.24,0,One-Time / Occasional Shoppers
C91155,2,6,704.8199999999999,352.40999999999997,129.01,6.5,2,2,0,1,0,1,2023-07-17,2024-09-08,419,0.004761904761904762,1.0,0.0,0.5,0.0,3.0,2.1666666659444442,352.40999999999997,1,Repeat / Higher-Value Shoppers
C91201,1,2,93.0,93.0,46.5,7.0,1,1,0,0,1,0,2024-02-29,2024-02-29,0,1.0,1.0,0.0,0.0,1.0,2.0,3.49999999825,93.0,0,One-Time / Occasional Shoppers
C91245,1,3,675.33,675.33,225.11,4.0,1,1,0,0,0,1,2024-10-10,2024-10-10,0,1.0,1.0,0.0,0.0,0.0,3.0,1.3333333328888888,675.33,0,One-Time / Occasional Shoppers
C91255,1,5,851.1,851.1,170.22,8.0,1,0,1,0,0,0,2024-04-15,2024-04-15,0,1.0,0.0,1.0,0.0,0.0,5.0,1.59999999968,851.1,0,One-Time / Occasional Shoppers
C91454,1,2,557.76,557.76,278.88,3.0,1,1,0,0,0,0,2023-01-22,2023-01-22,0,1.0,1.0,0.0,0.0,0.0,2.0,1.49999999925,557.76,0,One-Time / Occasional Shoppers
C91486,1,4,268.32,268.32,67.08,8.0,1,1,0,0,1,0,2023-08-20,2023-08-20,0,1.0,1.0,0.0,0.0,1.0,4.0,1.9999999995,268.32,0,One-Time / Occasional Shoppers
C91518,1,3,759.1500000000001,759.1500000000001,253.05,3.0,1,0,0,0,0,0,2024-08-26,2024-08-26,0,1.0,0.0,0.0,0.0,0.0,3.0,0.9999999996666666,759.1500000000001,0,One-Time / Occasional Shoppers
C91582,1,3,1949.79,1949.79,649.93,7.0,1,1,0,0,0,0,2023-02-11,2023-02-11,0,1.0,1.0,0.0,0.0,0.0,3.0,2.3333333325555556,1949.79,0,One-Time / Occasional Shoppers
C91591,1,4,2609.92,2609.92,652.48,5.0,1,1,0,0,0,0,2025-05-18,2025-05-18,0,1.0,1.0,0.0,0.0,0.0,4.0,1.2499999996875,2609.92,0,One-Time / Occasional Shoppers
C91805,1,3,1819.23,1819.23,606.41,7.0,1,1,0,0,1,0,2023-06-12,2023-06-12,0,1.0,1.0,0.0,0.0,1.0,3.0,2.3333333325555556,1819.23,0,One-Time / Occasional Shoppers
C91941,1,3,1188.0,1188.0,396.0,4.0,1,1,0,1,0,0,2023-06-16,2023-06-16,0,1.0,1.0,0.0,1.0,0.0,3.0,1.3333333328888888,1188.0,0,One-Time / Occasional Shoppers
C92049,1,4,2666.08,2666.08,666.52,8.0,1,1,0,0,0,1,2023-10-02,2023-10-02,0,1.0,1.0,0.0,0.0,0.0,4.0,1.9999999995,2666.08,0,One-Time / Occasional Shoppers
C92086,1,2,749.2,749.2,374.6,3.0,1,1,0,0,0,1,2025-02-07,2025-02-07,0,1.0,1.0,0.0,0.0,0.0,2.0,1.49999999925,749.2,0,One-Time / Occasional Shoppers
C92180,1,2,977.8,977.8,488.9,7.0,1,1,1,0,0,0,2023-10-31,2023-10-31,0,1.0,1.0,1.0,0.0,0.0,2.0,3.49999999825,977.8,0,One-Time / Occasional Shoppers
C92294,1,4,1225.4,1225.4,306.35,7.0,1,1,0,0,0,1,2024-09-29,2024-09-29,0,1.0,1.0,0.0,0.0,0.0,4.0,1.7499999995625,1225.4,0,One-Time / Occasional Shoppers
C92407,1,3,1672.23,1672.23,557.41,4.0,1,0,1,0,0,0,2023-07-01,2023-07-01,0,1.0,0.0,1.0,0.0,0.0,3.0,1.3333333328888888,1672.23,0,One-Time / Occasional Shoppers
C92548,1,5,1132.25,1132.25,226.45,6.0,1,1,0,0,1,0,2024-02-04,2024-02-04,0,1.0,1.0,0.0,0.0,1.0,5.0,1.19999999976,1132.25,0,One-Time / Occasional Shoppers
C92575,1,5,2464.7,2464.7,492.94,10.0,1,1,0,0,0,1,2024-09-30,2024-09-30,0,1.0,1.0,0.0,0.0,0.0,5.0,1.9999999996,2464.7,0,One-Time / Occasional Shoppers
C92788,1,1,243.71,243.71,243.71,6.0,1,1,1,0,0,0,2024-07-20,2024-07-20,0,1.0,1.0,1.0,0.0,0.0,1.0,5.9999999939999995,243.71,0,One-Time / Occasional Shoppers
C93007,1,2,465.66,465.66,232.83,7.0,1,0,1,0,0,0,2024-06-01,2024-06-01,0,1.0,0.0,1.0,0.0,0.0,2.0,3.49999999825,465.66,0,One-Time / Occasional Shoppers
C93175,1,4,58.76,58.76,14.69,9.0,1,0,0,1,0,0,2025-05-15,2025-05-15,0,1.0,0.0,0.0,1.0,0.0,4.0,2.2499999994375,58.76,0,One-Time / Occasional Shoppers
C93220,1,2,730.34,730.34,365.17,4.0,1,1,0,1,0,0,2023-11-02,2023-11-02,0,1.0,1.0,0.0,1.0,0.0,2.0,1.999999999,730.34,0,One-Time / Occasional Shoppers
C93276,1,5,1652.25,1652.25,330.45,10.0,1,1,0,0,0,1,2023-03-19,2023-03-19,0,1.0,1.0,0.0,0.0,0.0,5.0,1.9999999996,1652.25,0,One-Time / Occasional Shoppers
C93309,1,5,1821.4,1821.4,364.28,5.0,1,1,0,1,0,0,2025-04-08,2025-04-08,0,1.0,1.0,0.0,1.0,0.0,5.0,0.9999999998,1821.4,0,One-Time / Occasional Shoppers
C93375,1,3,446.16,446.16,148.72,7.0,1,1,0,1,0,0,2024-07-27,2024-07-27,0,1.0,1.0,0.0,1.0,0.0,3.0,2.3333333325555556,446.16,0,One-Time / Occasional Shoppers
C93379,1,3,128.85,128.85,42.95,8.0,1,1,0,0,1,0,2023-04-05,2023-04-05,0,1.0,1.0,0.0,0.0,1.0,3.0,2.6666666657777776,128.85,0,One-Time / Occasional Shoppers
C93467,1,4,2219.32,2219.32,554.83,6.0,1,0,0,0,1,0,2024-05-21,2024-05-21,0,1.0,0.0,0.0,0.0,1.0,4.0,1.499999999625,2219.32,0,One-Time / Occasional Shoppers
C93473,1,5,3196.85,3196.85,639.37,6.0,1,1,0,0,0,0,2024-02-23,2024-02-23,0,1.0,1.0,0.0,0.0,0.0,5.0,1.19999999976,3196.85,0,One-Time / Occasional Shoppers
C93618,1,3,603.63,603.63,201.21,3.0,1,1,0,1,0,0,2025-03-14,2025-03-14,0,1.0,1.0,0.0,1.0,0.0,3.0,0.9999999996666666,603.63,0,One-Time / Occasional Shoppers
C93768,1,3,972.9000000000001,972.9000000000001,324.3,8.0,1,1,0,0,0,0,2024-05-16,2024-05-16,0,1.0,1.0,0.0,0.0,0.0,3.0,2.6666666657777776,972.9000000000001,0,One-Time / Occasional Shoppers
C93821,1,3,1075.44,1075.44,358.48,7.0,1,1,1,0,0,0,2024-12-05,2024-12-05,0,1.0,1.0,1.0,0.0,0.0,3.0,2.3333333325555556,1075.44,0,One-Time / Occasional Shoppers
C93861,1,3,147.42,147.42,49.14,7.0,1,1,0,0,1,0,2024-02-17,2024-02-17,0,1.0,1.0,0.0,0.0,1.0,3.0,2.3333333325555556,147.42,0,One-Time / Occasional Shoppers
C93948,1,3,336.87,336.87,112.29,6.0,1,0,0,0,0,1,2024-10-24,2024-10-24,0,1.0,0.0,0.0,0.0,0.0,3.0,1.9999999993333333,336.87,0,One-Time / Occasional Shoppers
C94037,1,2,510.28,510.28,255.14,2.0,1,0,0,0,0,1,2025-06-24,2025-06-24,0,1.0,0.0,0.0,0.0,0.0,2.0,0.9999999995,510.28,0,One-Time / Occasional Shoppers
C94248,1,1,64.66,64.66,64.66,4.0,1,0,1,0,0,0,2025-02-15,2025-02-15,0,1.0,0.0,1.0,0.0,0.0,1.0,3.9999999959999997,64.66,0,One-Time / Occasional Shoppers
C94257,1,2,1394.38,1394.38,697.19,7.0,1,1,0,0,1,0,2023-08-03,2023-08-03,0,1.0,1.0,0.0,0.0,1.0,2.0,3.49999999825,1394.38,0,One-Time / Occasional Shoppers
C94311,1,4,2740.8,2740.8,685.2,6.0,1,1,0,1,0,0,2024-07-20,2024-07-20,0,1.0,1.0,0.0,1.0,0.0,4.0,1.499999999625,2740.8,0,One-Time / Occasional Shoppers
C94323,1,5,379.05,379.05,75.81,10.0,1,1,0,0,1,0,2025-06-30,2025-06-30,0,1.0,1.0,0.0,0.0,1.0,5.0,1.9999999996,379.05,0,One-Time / Occasional Shoppers
C94381,1,2,1216.08,1216.08,608.04,4.0,1,0,0,1,0,0,2023-01-29,2023-01-29,0,1.0,0.0,0.0,1.0,0.0,2.0,1.999999999,1216.08,0,One-Time / Occasional Shoppers
C94479,1,5,314.05,314.05,62.81,9.0,1,1,0,0,0,1,2023-06-26,2023-06-26,0,1.0,1.0,0.0,0.0,0.0,5.0,1.79999999964,314.05,0,One-Time / Occasional Shoppers
C94508,1,4,176.28,176.28,44.07,6.0,1,0,0,0,0,0,2024-06-28,2024-06-28,0,1.0,0.0,0.0,0.0,0.0,4.0,1.499999999625,176.28,0,One-Time / Occasional Shoppers
C94568,1,4,1939.4,1939.4,484.85,5.0,1,1,1,0,0,0,2023-04-23,2023-04-23,0,1.0,1.0,1.0,0.0,0.0,4.0,1.2499999996875,1939.4,0,One-Time / Occasional Shoppers
C94569,2,3,1675.3500000000001,837.6750000000001,540.64,2.5,1,1,1,1,0,0,2024-03-23,2024-06-21,90,0.02197802197802198,0.5,0.5,0.5,0.0,1.5,1.6666666655555555,1675.3500000000001,1,Repeat / Higher-Value Shoppers
C94595,1,4,247.64,247.64,61.91,6.0,1,1,1,0,0,0,2023-12-16,2023-12-16,0,1.0,1.0,1.0,0.0,0.0,4.0,1.499999999625,247.64,0,One-Time / Occasional Shoppers
C94658,1,2,886.44,886.44,443.22,5.0,1,0,1,0,0,0,2024-09-19,2024-09-19,0,1.0,0.0,1.0,0.0,0.0,2.0,2.49999999875,886.44,0,One-Time / Occasional Shoppers
C94671,1,1,167.15,167.15,167.15,5.0,1,1,0,0,0,1,2024-09-23,2024-09-23,0,1.0,1.0,0.0,0.0,0.0,1.0,4.999999995,167.15,0,One-Time / Occasional Shoppers
C94698,1,1,586.62,586.62,586.62,5.0,1,0,0,0,0,1,2024-06-03,2024-06-03,0,1.0,0.0,0.0,0.0,0.0,1.0,4.999999995,586.62,0,One-Time / Occasional Shoppers
C94921,1,2,438.2,438.2,219.1,4.0,1,1,0,0,0,0,2023-05-09,2023-05-09,0,1.0,1.0,0.0,0.0,0.0,2.0,1.999999999,438.2,0,One-Time / Occasional Shoppers
C95100,1,1,627.2,627.2,627.2,1.0,1,1,1,0,0,0,2024-02-28,2024-02-28,0,1.0,1.0,1.0,0.0,0.0,1.0,0.9999999989999999,627.2,0,One-Time / Occasional Shoppers
C95213,1,3,1806.72,1806.72,602.24,8.0,1,0,0,0,0,0,2023-02-10,2023-02-10,0,1.0,0.0,0.0,0.0,0.0,3.0,2.6666666657777776,1806.72,0,One-Time / Occasional Shoppers
C95269,1,2,389.7,389.7,194.85,5.0,1,0,0,0,1,0,2023-03-12,2023-03-12,0,1.0,0.0,0.0,0.0,1.0,2.0,2.49999999875,389.7,0,One-Time / Occasional Shoppers
C95271,1,3,927.6600000000001,927.6600000000001,309.22,7.0,1,1,0,1,0,0,2025-05-07,2025-05-07,0,1.0,1.0,0.0,1.0,0.0,3.0,2.3333333325555556,927.6600000000001,0,One-Time / Occasional Shoppers
C95568,1,3,973.4100000000001,973.4100000000001,324.47,4.0,1,1,1,0,0,0,2023-07-31,2023-07-31,0,1.0,1.0,1.0,0.0,0.0,3.0,1.3333333328888888,973.4100000000001,0,One-Time / Occasional Shoppers
C95623,1,3,1870.02,1870.02,623.34,3.0,1,1,0,1,0,0,2025-03-06,2025-03-06,0,1.0,1.0,0.0,1.0,0.0,3.0,0.9999999996666666,1870.02,0,One-Time / Occasional Shoppers
C95643,1,4,2426.28,2426.28,606.57,5.0,1,1,1,0,0,0,2023-06-09,2023-06-09,0,1.0,1.0,1.0,0.0,0.0,4.0,1.2499999996875,2426.28,0,One-Time / Occasional Shoppers
C95667,1,4,463.08,463.08,115.77,7.0,1,1,0,0,0,0,2024-11-20,2024-11-20,0,1.0,1.0,0.0,0.0,0.0,4.0,1.7499999995625,463.08,0,One-Time / Occasional Shoppers
C95856,1,2,1279.76,1279.76,639.88,5.0,1,1,1,0,0,0,2023-05-25,2023-05-25,0,1.0,1.0,1.0,0.0,0.0,2.0,2.49999999875,1279.76,0,One-Time / Occasional Shoppers
C95901,1,3,1993.38,1993.38,664.46,4.0,1,1,1,0,0,0,2024-03-24,2024-03-24,0,1.0,1.0,1.0,0.0,0.0,3.0,1.3333333328888888,1993.38,0,One-Time / Occasional Shoppers
C95984,1,3,1033.2,1033.2,344.4,3.0,1,0,0,1,0,0,2025-06-24,2025-06-24,0,1.0,0.0,0.0,1.0,0.0,3.0,0.9999999996666666,1033.2,0,One-Time / Occasional Shoppers
C96034,1,4,121.08,121.08,30.27,9.0,1,1,1,0,0,0,2023-06-03,2023-06-03,0,1.0,1.0,1.0,0.0,0.0,4.0,2.2499999994375,121.08,0,One-Time / Occasional Shoppers
C96136,1,5,1946.1,1946.1,389.22,7.0,1,0,0,1,0,0,2024-08-17,2024-08-17,0,1.0,0.0,0.0,1.0,0.0,5.0,1.3999999997199999,1946.1,0,One-Time / Occasional Shoppers
C96257,1,4,1803.0,1803.0,450.75,6.0,1,1,0,0,0,1,2023-03-28,2023-03-28,0,1.0,1.0,0.0,0.0,0.0,4.0,1.499999999625,1803.0,0,One-Time / Occasional Shoppers
C96261,1,2,970.74,970.74,485.37,5.0,1,1,0,0,0,1,2025-06-04,2025-06-04,0,1.0,1.0,0.0,0.0,0.0,2.0,2.49999999875,970.74,0,One-Time / Occasional Shoppers
C96283,1,3,924.03,924.03,308.01,3.0,1,1,0,0,0,0,2023-07-24,2023-07-24,0,1.0,1.0,0.0,0.0,0.0,3.0,0.9999999996666666,924.03,0,One-Time / Occasional Shoppers
C96434,1,4,2536.2,2536.2,634.05,6.0,1,1,0,0,0,1,2025-05-31,2025-05-31,0,1.0,1.0,0.0,0.0,0.0,4.0,1.499999999625,2536.2,0,One-Time / Occasional Shoppers
C96494,1,1,179.22,179.22,179.22,6.0,1,1,0,1,0,0,2023-07-31,2023-07-31,0,1.0,1.0,0.0,1.0,0.0,1.0,5.9999999939999995,179.22,0,One-Time / Occasional Shoppers
C96583,1,4,139.36,139.36,34.84,8.0,1,0,0,0,0,1,2024-09-22,2024-09-22,0,1.0,0.0,0.0,0.0,0.0,4.0,1.9999999995,139.36,0,One-Time / Occasional Shoppers
C96595,1,3,1719.66,1719.66,573.22,5.0,1,1,0,0,0,0,2023-10-06,2023-10-06,0,1.0,1.0,0.0,0.0,0.0,3.0,1.6666666661111111,1719.66,0,One-Time / Occasional Shoppers
C96636,1,1,39.56,39.56,39.56,5.0,1,0,0,1,0,0,2025-02-18,2025-02-18,0,1.0,0.0,0.0,1.0,0.0,1.0,4.999999995,39.56,0,One-Time / Occasional Shoppers
C96664,1,3,769.3799999999999,769.3799999999999,256.46,4.0,1,1,1,0,0,0,2025-02-27,2025-02-27,0,1.0,1.0,1.0,0.0,0.0,3.0,1.3333333328888888,769.3799999999999,0,One-Time / Occasional Shoppers
C96695,1,1,564.86,564.86,564.86,6.0,1,1,0,0,0,1,2025-02-02,2025-02-02,0,1.0,1.0,0.0,0.0,0.0,1.0,5.9999999939999995,564.86,0,One-Time / Occasional Shoppers
C96787,1,2,1066.04,1066.04,533.02,2.0,1,0,0,0,0,1,2024-04-15,2024-04-15,0,1.0,0.0,0.0,0.0,0.0,2.0,0.9999999995,1066.04,0,One-Time / Occasional Shoppers
C96822,1,2,989.56,989.56,494.78,2.0,1,0,0,0,0,1,2023-01-31,2023-01-31,0,1.0,0.0,0.0,0.0,0.0,2.0,0.9999999995,989.56,0,One-Time / Occasional Shoppers
C97148,1,4,1135.16,1135.16,283.79,8.0,1,0,0,0,0,0,2024-07-28,2024-07-28,0,1.0,0.0,0.0,0.0,0.0,4.0,1.9999999995,1135.16,0,One-Time / Occasional Shoppers
C97187,1,1,670.54,670.54,670.54,6.0,1,1,0,0,0,1,2023-07-02,2023-07-02,0,1.0,1.0,0.0,0.0,0.0,1.0,5.9999999939999995,670.54,0,One-Time / Occasional Shoppers
C97218,1,5,2300.7,2300.7,460.14,10.0,1,1,0,0,1,0,2025-03-07,2025-03-07,0,1.0,1.0,0.0,0.0,1.0,5.0,1.9999999996,2300.7,0,One-Time / Occasional Shoppers
C97262,1,4,1724.04,1724.04,431.01,7.0,1,0,0,0,1,0,2023-01-14,2023-01-14,0,1.0,0.0,0.0,0.0,1.0,4.0,1.7499999995625,1724.04,0,One-Time / Occasional Shoppers
C97454,1,2,698.8,698.8,349.4,2.0,1,1,0,0,0,1,2024-01-26,2024-01-26,0,1.0,1.0,0.0,0.0,0.0,2.0,0.9999999995,698.8,0,One-Time / Occasional Shoppers
C97485,1,4,915.64,915.64,228.91,4.0,1,1,0,0,0,1,2023-10-29,2023-10-29,0,1.0,1.0,0.0,0.0,0.0,4.0,0.99999999975,915.64,0,One-Time / Occasional Shoppers
C97593,2,5,2855.2200000000003,1427.6100000000001,534.1800000000001,7.0,1,2,0,0,0,1,2023-05-03,2024-02-22,295,0.006756756756756757,1.0,0.0,0.0,0.0,2.5,2.7999999988799997,2855.2200000000003,1,Repeat / Higher-Value Shoppers
C97603,1,4,2373.08,2373.08,593.27,5.0,1,0,0,0,0,1,2024-09-11,2024-09-11,0,1.0,0.0,0.0,0.0,0.0,4.0,1.2499999996875,2373.08,0,One-Time / Occasional Shoppers
C97643,1,4,2051.0,2051.0,512.75,8.0,1,1,0,0,1,0,2023-03-12,2023-03-12,0,1.0,1.0,0.0,0.0,1.0,4.0,1.9999999995,2051.0,0,One-Time / Occasional Shoppers
C97681,1,5,2166.3,2166.3,433.26,9.0,1,1,1,0,0,0,2025-06-07,2025-06-07,0,1.0,1.0,1.0,0.0,0.0,5.0,1.79999999964,2166.3,0,One-Time / Occasional Shoppers
C97715,1,2,727.82,727.82,363.91,2.0,1,1,0,0,0,1,2025-03-15,2025-03-15,0,1.0,1.0,0.0,0.0,0.0,2.0,0.9999999995,727.82,0,One-Time / Occasional Shoppers
C97735,1,5,408.5,408.5,81.7,6.0,1,0,1,0,0,0,2023-12-30,2023-12-30,0,1.0,0.0,1.0,0.0,0.0,5.0,1.19999999976,408.5,0,One-Time / Occasional Shoppers
C97749,1,3,1026.06,1026.06,342.02,5.0,1,0,0,0,0,0,2024-08-06,2024-08-06,0,1.0,0.0,0.0,0.0,0.0,3.0,1.6666666661111111,1026.06,0,One-Time / Occasional Shoppers
C97774,1,4,1807.88,1807.88,451.97,7.0,1,1,0,1,0,0,2025-01-26,2025-01-26,0,1.0,1.0,0.0,1.0,0.0,4.0,1.7499999995625,1807.88,0,One-Time / Occasional Shoppers
C97907,1,3,1758.63,1758.63,586.21,4.0,1,1,0,0,0,0,2024-08-27,2024-08-27,0,1.0,1.0,0.0,0.0,0.0,3.0,1.3333333328888888,1758.63,0,One-Time / Occasional Shoppers
C98096,1,2,635.54,635.54,317.77,4.0,1,1,0,1,0,0,2023-02-16,2023-02-16,0,1.0,1.0,0.0,1.0,0.0,2.0,1.999999999,635.54,0,One-Time / Occasional Shoppers
C98168,1,5,2103.5,2103.5,420.7,5.0,1,1,0,0,0,0,2023-01-05,2023-01-05,0,1.0,1.0,0.0,0.0,0.0,5.0,0.9999999998,2103.5,0,One-Time / Occasional Shoppers
C98216,1,5,2463.75,2463.75,492.75,6.0,1,1,0,0,0,1,2023-03-15,2023-03-15,0,1.0,1.0,0.0,0.0,0.0,5.0,1.19999999976,2463.75,0,One-Time / Occasional Shoppers
C98276,1,1,14.06,14.06,14.06,5.0,1,1,0,0,0,0,2024-05-20,2024-05-20,0,1.0,1.0,0.0,0.0,0.0,1.0,4.999999995,14.06,0,One-Time / Occasional Shoppers
C98278,1,3,1241.49,1241.49,413.83,8.0,1,1,0,0,0,1,2024-05-31,2024-05-31,0,1.0,1.0,0.0,0.0,0.0,3.0,2.6666666657777776,1241.49,0,One-Time / Occasional Shoppers
C98317,1,4,2786.84,2786.84,696.71,4.0,1,0,0,0,0,1,2024-12-16,2024-12-16,0,1.0,0.0,0.0,0.0,0.0,4.0,0.99999999975,2786.84,0,One-Time / Occasional Shoppers
C98332,1,3,1316.67,1316.67,438.89,3.0,1,0,0,0,1,0,2023-01-28,2023-01-28,0,1.0,0.0,0.0,0.0,1.0,3.0,0.9999999996666666,1316.67,0,One-Time / Occasional Shoppers
C98354,1,3,151.02,151.02,50.34,3.0,1,1,0,0,1,0,2023-05-28,2023-05-28,0,1.0,1.0,0.0,0.0,1.0,3.0,0.9999999996666666,151.02,0,One-Time / Occasional Shoppers
C98450,1,4,357.64,357.64,89.41,9.0,1,0,0,0,0,0,2024-07-18,2024-07-18,0,1.0,0.0,0.0,0.0,0.0,4.0,2.2499999994375,357.64,0,One-Time / Occasional Shoppers
C98474,2,6,2175.34,1087.67,370.25,5.5,2,1,0,0,0,1,2023-03-27,2024-06-03,434,0.004597701149425287,0.5,0.0,0.0,0.0,3.0,1.833333332722222,1087.67,1,Repeat / Higher-Value Shoppers
C98483,1,5,110.7,110.7,22.14,10.0,1,0,0,0,1,0,2024-04-11,2024-04-11,0,1.0,0.0,0.0,0.0,1.0,5.0,1.9999999996,110.7,0,One-Time / Occasional Shoppers
C98635,1,1,538.68,538.68,538.68,6.0,1,0,0,0,1,0,2025-04-09,2025-04-09,0,1.0,0.0,0.0,0.0,1.0,1.0,5.9999999939999995,538.68,0,One-Time / Occasional Shoppers
C98761,1,4,1994.04,1994.04,498.51,4.0,1,1,0,0,0,1,2023-10-27,2023-10-27,0,1.0,1.0,0.0,0.0,0.0,4.0,0.99999999975,1994.04,0,One-Time / Occasional Shoppers
C99023,1,4,1371.8,1371.8,342.95,6.0,1,0,1,0,0,0,2024-11-17,2024-11-17,0,1.0,0.0,1.0,0.0,0.0,4.0,1.499999999625,1371.8,0,One-Time / Occasional Shoppers
C99024,1,1,684.65,684.65,684.65,1.0,1,1,1,0,0,0,2024-11-24,2024-11-24,0,1.0,1.0,1.0,0.0,0.0,1.0,0.9999999989999999,684.65,0,One-Time / Occasional Shoppers
C99050,1,2,1201.14,1201.14,600.57,3.0,1,1,0,0,1,0,2025-03-29,2025-03-29,0,1.0,1.0,0.0,0.0,1.0,2.0,1.49999999925,1201.14,0,One-Time / Occasional Shoppers
C99116,1,4,2746.44,2746.44,686.61,6.0,1,0,0,0,0,1,2023-05-08,2023-05-08,0,1.0,0.0,0.0,0.0,0.0,4.0,1.499999999625,2746.44,0,One-Time / Occasional Shoppers
C99128,1,3,138.33,138.33,46.11,5.0,1,1,0,0,1,0,2024-08-31,2024-08-31,0,1.0,1.0,0.0,0.0,1.0,3.0,1.6666666661111111,138.33,0,One-Time / Occasional Shoppers
C99173,1,3,1070.52,1070.52,356.84,5.0,1,1,0,0,0,1,2025-01-21,2025-01-21,0,1.0,1.0,0.0,0.0,0.0,3.0,1.6666666661111111,1070.52,0,One-Time / Occasional Shoppers
C99205,1,2,1024.66,1024.66,512.33,7.0,1,0,0,1,0,0,2025-06-28,2025-06-28,0,1.0,0.0,0.0,1.0,0.0,2.0,3.49999999825,1024.66,0,One-Time / Occasional Shoppers
C99214,1,3,97.85999999999999,97.85999999999999,32.62,6.0,1,0,1,0,0,0,2025-06-22,2025-06-22,0,1.0,0.0,1.0,0.0,0.0,3.0,1.9999999993333333,97.85999999999999,0,One-Time / Occasional Shoppers
C99217,1,5,1435.65,1435.65,287.13,10.0,1,1,0,0,0,1,2023-12-01,2023-12-01,0,1.0,1.0,0.0,0.0,0.0,5.0,1.9999999996,1435.65,0,One-Time / Occasional Shoppers
C99271,1,2,226.58,226.58,113.29,5.0,1,1,0,0,0,0,2023-11-18,2023-11-18,0,1.0,1.0,0.0,0.0,0.0,2.0,2.49999999875,226.58,0,One-Time / Occasional Shoppers
C99533,1,1,678.01,678.01,678.01,4.0,1,1,0,0,0,0,2023-03-21,2023-03-21,0,1.0,1.0,0.0,0.0,0.0,1.0,3.9999999959999997,678.01,0,One-Time / Occasional Shoppers
C99589,1,1,641.39,641.39,641.39,1.0,1,0,0,1,0,0,2025-06-24,2025-06-24,0,1.0,0.0,0.0,1.0,0.0,1.0,0.9999999989999999,641.39,0,One-Time / Occasional Shoppers
C99683,1,5,1663.2,1663.2,332.64,10.0,1,0,1,0,0,0,2025-01-23,2025-01-23,0,1.0,0.0,1.0,0.0,0.0,5.0,1.9999999996,1663.2,0,One-Time / Occasional Shoppers
C99775,1,4,1654.84,1654.84,413.71,9.0,1,1,0,1,0,0,2023-09-05,2023-09-05,0,1.0,1.0,0.0,1.0,0.0,4.0,2.2499999994375,1654.84,0,One-Time / Occasional Shoppers
C99879,1,3,821.8799999999999,821.8799999999999,273.96,8.0,1,1,0,0,1,0,2024-03-13,2024-03-13,0,1.0,1.0,0.0,0.0,1.0,3.0,2.6666666657777776,821.8799999999999,0,One-Time / Occasional Shoppers
C99904,1,2,646.74,646.74,323.37,3.0,1,1,0,0,0,0,2025-04-23,2025-04-23,0,1.0,1.0,0.0,0.0,0.0,2.0,1.49999999925,646.74,0,One-Time / Occasional Shoppers
